{
    "type": "guiComponent",
    "name": "GaugeChart",
    "attributes": [
        {
            "name": "params",
            "default": "",
            "type": "object",
            "isConstructorParam": true,
            "doc": ""
        },
        {
            "name": "fillColor",
            "default": "",
            "type": "string",
            "isConstructorParam": false,
            "doc": ""
        },
        {
            "name": "fullColor",
            "default": "",
            "type": "string",
            "isConstructorParam": false,
            "doc": ""
        },
        {
            "name": "saturationColor",
            "default": "",
            "type": "string",
            "isConstructorParam": false,
            "doc": ""
        },
        {
            "name": "colorRamp",
            "default": "",
            "type": "object",
            "isConstructorParam": false,
            "doc": ""
        },
        {
            "name": "defsCode",
            "default": "",
            "type": "string",
            "isConstructorParam": false,
            "doc": ""
        },
        {
            "name": "gCode",
            "default": "",
            "type": "string",
            "isConstructorParam": false,
            "doc": ""
        },
        {
            "name": "defs",
            "default": "new Component(defsCode)",
            "type": "object",
            "isConstructorParam": false,
            "doc": ""
        },
        {
            "name": "g",
            "default": "new Component(gCode)",
            "type": "object",
            "isConstructorParam": false,
            "doc": ""
        },
        {
            "name": "data",
            "default": "svg.getData()",
            "type": "object",
            "isConstructorParam": false,
            "doc": ""
        },
        {
            "name": "animationTimer",
            "default": "",
            "type": "null",
            "isConstructorParam": false,
            "doc": ""
        },
        {
            "name": "animationSpeed",
            "default": "0",
            "type": "number",
            "isConstructorParam": false,
            "doc": ""
        },
        {
            "name": "currentAngle",
            "default": "0.0",
            "type": "number",
            "isConstructorParam": false,
            "doc": ""
        },
        {
            "name": "mainCircle",
            "default": "",
            "type": "null",
            "isConstructorParam": false,
            "doc": ""
        },
        {
            "name": "mainCircleBis",
            "default": "",
            "type": "null",
            "isConstructorParam": false,
            "doc": ""
        },
        {
            "name": "secondaryCircle",
            "default": "",
            "type": "null",
            "isConstructorParam": false,
            "doc": ""
        },
        {
            "name": "secondaryCircleBis",
            "default": "",
            "type": "null",
            "isConstructorParam": false,
            "doc": ""
        }
    ],
    "methods": [
        {
            "name": "animate",
            "isPrivate": false,
            "param": [],
            "doc": ""
        },
        {
            "name": "build",
            "isPrivate": false,
            "param": [],
            "doc": ""
        },
        {
            "name": "autoResize",
            "isPrivate": false,
            "param": [],
            "doc": ""
        }
    ],
    "children": [],
    "doc": ""
}