{
    "type": "guiComponent",
    "name": "LineChart",
    "attributes": [
        {
            "name": "params",
            "default": "",
            "type": "object",
            "isConstructorParam": true,
            "doc": ""
        },
        {
            "name": "width",
            "default": "",
            "type": "number",
            "isConstructorParam": true,
            "doc": ""
        },
        {
            "name": "height",
            "default": "",
            "type": "number",
            "isConstructorParam": true,
            "doc": ""
        },
        {
            "name": "marginX",
            "default": "($width-width)/2.0",
            "type": "number",
            "isConstructorParam": false,
            "doc": ""
        },
        {
            "name": "marginY",
            "default": "($height-height)/2.0",
            "type": "number",
            "isConstructorParam": false,
            "doc": ""
        },
        {
            "name": "displayLegend",
            "default": "true",
            "type": "boolean",
            "isConstructorParam": false,
            "doc": ""
        },
        {
            "name": "svgCode",
            "default": "",
            "type": "string",
            "isConstructorParam": false,
            "doc": ""
        },
        {
            "name": "g",
            "default": "new Component(svgCode)",
            "type": "object",
            "isConstructorParam": false,
            "doc": ""
        },
        {
            "name": "lines",
            "default": "",
            "type": "object",
            "isConstructorParam": false,
            "doc": ""
        },
        {
            "name": "min",
            "default": "1000000000000000",
            "type": "number",
            "isConstructorParam": false,
            "doc": ""
        },
        {
            "name": "max",
            "default": "-1000000000000000",
            "type": "number",
            "isConstructorParam": false,
            "doc": ""
        },
        {
            "name": "data",
            "default": "svg.getData()",
            "type": "object",
            "isConstructorParam": false,
            "doc": ""
        },
        {
            "name": "amplitude",
            "default": "max - min",
            "type": "number",
            "isConstructorParam": false,
            "doc": ""
        },
        {
            "name": "unit",
            "default": "",
            "type": "string",
            "isConstructorParam": false,
            "doc": ""
        }
    ],
    "methods": [
        {
            "name": "build",
            "isPrivate": false,
            "param": [],
            "doc": ""
        },
        {
            "name": "getLine",
            "isPrivate": false,
            "param": [
                "name"
            ],
            "doc": ""
        }
    ],
    "children": [],
    "doc": ""
}