{
    "type": "guiComponent",
    "name": "SVGlinearGradient",
    "attributes": [
        {
            "name": "gradientId",
            "default": "",
            "type": "number",
            "isConstructorParam": false,
            "doc": ""
        },
        {
            "name": "x1",
            "default": "",
            "type": "number",
            "isConstructorParam": true,
            "doc": ""
        },
        {
            "name": "y1",
            "default": "",
            "type": "number",
            "isConstructorParam": true,
            "doc": ""
        },
        {
            "name": "x2",
            "default": "",
            "type": "number",
            "isConstructorParam": true,
            "doc": ""
        },
        {
            "name": "y2",
            "default": "",
            "type": "number",
            "isConstructorParam": true,
            "doc": ""
        },
        {
            "name": "colors",
            "default": "",
            "type": "list",
            "isConstructorParam": false,
            "doc": ""
        }
    ],
    "methods": [
        {
            "name": "update",
            "isPrivate": false,
            "param": [],
            "doc": ""
        },
        {
            "name": "getURL",
            "isPrivate": false,
            "param": [],
            "doc": ""
        }
    ],
    "children": [
        {
            "type": "linearGradient",
            "attributes": [
                {
                    "name": "id",
                    "value": "gradient_"
                },
                {
                    "name": "class",
                    "value": ""
                },
                {
                    "name": "x1",
                    "value": "x1"
                },
                {
                    "name": "y1",
                    "value": "y1"
                },
                {
                    "name": "x2",
                    "value": "x2"
                },
                {
                    "name": "y2",
                    "value": "y2"
                }
            ],
            "textNodeContent": "",
            "componentVariableName": "",
            "properties": [],
            "children": []
        }
    ],
    "doc": ""
}