{
    "type": "guiComponent",
    "name": "SVGradialGradient",
    "attributes": [
        {
            "name": "gradientId",
            "default": "NB_SVG_GRADIENTS",
            "type": "number",
            "isConstructorParam": false,
            "doc": ""
        },
        {
            "name": "cx",
            "default": "",
            "type": "number",
            "isConstructorParam": true,
            "doc": ""
        },
        {
            "name": "cy",
            "default": "",
            "type": "number",
            "isConstructorParam": true,
            "doc": ""
        },
        {
            "name": "r",
            "default": "",
            "type": "number",
            "isConstructorParam": true,
            "doc": ""
        },
        {
            "name": "colors",
            "default": "",
            "type": "list",
            "isConstructorParam": false,
            "doc": ""
        }
    ],
    "methods": [
        {
            "name": "update",
            "isPrivate": false,
            "param": [],
            "doc": ""
        },
        {
            "name": "getURL",
            "isPrivate": false,
            "param": [],
            "doc": ""
        }
    ],
    "children": [
        {
            "type": "radialGradient",
            "attributes": [
                {
                    "name": "id",
                    "value": "gradient_"
                },
                {
                    "name": "class",
                    "value": ""
                },
                {
                    "name": "gradientUnits",
                    "value": "objectBoundingBox"
                }
            ],
            "textNodeContent": "",
            "componentVariableName": "",
            "properties": [],
            "children": []
        }
    ],
    "doc": ""
}