{
    "type": "guiComponent",
    "name": "AutoComplete",
    "attributes": [
        {
            "name": "value",
            "default": "",
            "type": "null",
            "isConstructorParam": false,
            "doc": ""
        },
        {
            "name": "selectedIndex",
            "default": "",
            "type": "null",
            "isConstructorParam": false,
            "doc": ""
        },
        {
            "name": "list",
            "default": "",
            "type": "array",
            "isConstructorParam": false,
            "doc": ""
        },
        {
            "name": "displayedLines",
            "default": "",
            "type": "array",
            "isConstructorParam": false,
            "doc": ""
        },
        {
            "name": "enable",
            "default": "true",
            "type": "boolean",
            "isConstructorParam": false,
            "doc": ""
        },
        {
            "name": "open",
            "default": "false",
            "type": "boolean",
            "isConstructorParam": false,
            "doc": ""
        },
        {
            "name": "searchDate",
            "default": "",
            "type": "date",
            "isConstructorParam": false,
            "doc": ""
        },
        {
            "name": "freeze",
            "default": "false",
            "type": "boolean",
            "isConstructorParam": false,
            "doc": ""
        },
        {
            "name": "htmlPopup",
            "default": "",
            "type": "string",
            "isConstructorParam": false,
            "doc": ""
        },
        {
            "name": "popup",
            "default": "",
            "type": "undefined",
            "isConstructorParam": false,
            "doc": ""
        },
        {
            "name": "selectedElement",
            "default": "new InputText(\"text\", \"\", \"\", \"\")",
            "type": "object",
            "isConstructorParam": false,
            "doc": ""
        },
        {
            "name": "freezeOnDown",
            "default": "false",
            "type": "boolean",
            "isConstructorParam": false,
            "doc": ""
        }
    ],
    "methods": [
        {
            "name": "select",
            "isPrivate": false,
            "param": [
                "entry"
            ],
            "doc": ""
        },
        {
            "name": "buildInterface",
            "isPrivate": false,
            "param": [
                "entry",
                "load"
            ],
            "doc": ""
        },
        {
            "name": "emptyDisplayedLines",
            "isPrivate": false,
            "param": [],
            "doc": ""
        },
        {
            "name": "addDisplayedLine",
            "isPrivate": false,
            "param": [
                "line",
                "lineNode"
            ],
            "doc": ""
        },
        {
            "name": "onOpen",
            "isPrivate": false,
            "param": [],
            "doc": ""
        },
        {
            "name": "open",
            "isPrivate": false,
            "param": [],
            "doc": ""
        },
        {
            "name": "openPopup",
            "isPrivate": true,
            "param": [],
            "doc": ""
        },
        {
            "name": "onClose",
            "isPrivate": false,
            "param": [],
            "doc": ""
        },
        {
            "name": "close",
            "isPrivate": false,
            "param": [],
            "doc": ""
        },
        {
            "name": "onChange",
            "isPrivate": false,
            "param": [
                "value"
            ],
            "doc": ""
        },
        {
            "name": "onTyping",
            "isPrivate": false,
            "param": [
                "value"
            ],
            "doc": ""
        },
        {
            "name": "getById",
            "isPrivate": false,
            "param": [
                "id"
            ],
            "doc": ""
        },
        {
            "name": "getElementsByClass",
            "isPrivate": false,
            "param": [
                "className"
            ],
            "doc": ""
        }
    ],
    "children": [
        {
            "type": "div",
            "attributes": [
                {
                    "name": "id",
                    "value": ""
                },
                {
                    "name": "class",
                    "value": "autoComplete"
                }
            ],
            "textNodeContent": "",
            "componentVariableName": "",
            "properties": [],
            "children": [
                {
                    "type": "p",
                    "attributes": [
                        {
                            "name": "id",
                            "value": "selectedElement"
                        },
                        {
                            "name": "class",
                            "value": ""
                        }
                    ],
                    "textNodeContent": "",
                    "componentVariableName": "",
                    "properties": [],
                    "children": []
                }
            ]
        }
    ],
    "doc": ""
}