{
    "type": "guiComponent",
    "name": "ComboBox",
    "attributes": [
        {
            "name": "name",
            "default": "",
            "type": "string",
            "isConstructorParam": true,
            "doc": ""
        },
        {
            "name": "options",
            "default": "",
            "type": "array",
            "isConstructorParam": true,
            "doc": ""
        },
        {
            "name": "currentValue",
            "default": "",
            "type": "number",
            "isConstructorParam": true,
            "doc": ""
        },
        {
            "name": "currentIndex",
            "default": "0",
            "type": "number",
            "isConstructorParam": false,
            "doc": ""
        },
        {
            "name": "enable",
            "default": "true",
            "type": "boolean",
            "isConstructorParam": false,
            "doc": ""
        },
        {
            "name": "open",
            "default": "false",
            "type": "boolean",
            "isConstructorParam": false,
            "doc": ""
        },
        {
            "name": "enlighted",
            "default": "",
            "type": "null",
            "isConstructorParam": false,
            "doc": ""
        },
        {
            "name": "icon",
            "default": "Loader.getSVG('icons', 'sort-icon', 17, 17)",
            "type": "object",
            "isConstructorParam": false,
            "doc": ""
        },
        {
            "name": "displayedOption",
            "default": "new InputText(\"text\", \"\", \"\", \"\")",
            "type": "object",
            "isConstructorParam": false,
            "doc": ""
        },
        {
            "name": "selector",
            "default": "",
            "type": "undefined",
            "isConstructorParam": false,
            "doc": ""
        }
    ],
    "methods": [
        {
            "name": "select",
            "isPrivate": true,
            "param": [
                "value"
            ],
            "doc": ""
        },
        {
            "name": "loadOptions",
            "isPrivate": true,
            "param": [],
            "doc": ""
        },
        {
            "name": "onOpen",
            "isPrivate": false,
            "param": [],
            "doc": ""
        },
        {
            "name": "open",
            "isPrivate": false,
            "param": [],
            "doc": ""
        },
        {
            "name": "onChange",
            "isPrivate": false,
            "param": [
                "value"
            ],
            "doc": ""
        }
    ],
    "children": [
        {
            "type": "div",
            "attributes": [
                {
                    "name": "id",
                    "value": ""
                },
                {
                    "name": "class",
                    "value": "select"
                }
            ],
            "textNodeContent": "",
            "componentVariableName": "",
            "properties": [],
            "children": [
                {
                    "type": "div",
                    "attributes": [
                        {
                            "name": "id",
                            "value": "selectedOption"
                        },
                        {
                            "name": "class",
                            "value": "selectedOption"
                        }
                    ],
                    "textNodeContent": "",
                    "componentVariableName": "",
                    "properties": [],
                    "children": []
                },
                {
                    "type": "div",
                    "attributes": [
                        {
                            "name": "id",
                            "value": "displayedOption"
                        },
                        {
                            "name": "class",
                            "value": "displayedOption"
                        }
                    ],
                    "textNodeContent": "",
                    "componentVariableName": "",
                    "properties": [],
                    "children": [
                        {
                            "type": "span",
                            "attributes": [
                                {
                                    "name": "id",
                                    "value": "icon"
                                },
                                {
                                    "name": "class",
                                    "value": "icon"
                                }
                            ],
                            "textNodeContent": "",
                            "componentVariableName": "",
                            "properties": [],
                            "children": []
                        }
                    ]
                },
                {
                    "type": "label",
                    "attributes": [
                        {
                            "name": "id",
                            "value": "comboBoxLabel"
                        },
                        {
                            "name": "class",
                            "value": "comboBoxLabel"
                        },
                        {
                            "name": "for",
                            "value": ""
                        }
                    ],
                    "textNodeContent": "",
                    "componentVariableName": "",
                    "properties": [],
                    "children": []
                }
            ]
        }
    ],
    "doc": ""
}