{
    "type": "guiComponent",
    "name": "InputDate",
    "attributes": [
        {
            "name": "today",
            "default": "",
            "type": "date",
            "isConstructorParam": false,
            "doc": ""
        },
        {
            "name": "date",
            "default": "",
            "type": "date",
            "isConstructorParam": true,
            "doc": ""
        },
        {
            "name": "year",
            "default": "date.getFullYear()",
            "type": "string",
            "isConstructorParam": false,
            "doc": ""
        },
        {
            "name": "month",
            "default": "date.getMonth()",
            "type": "string",
            "isConstructorParam": false,
            "doc": ""
        },
        {
            "name": "weekStart",
            "default": "1",
            "type": "number",
            "isConstructorParam": false,
            "doc": ""
        },
        {
            "name": "start",
            "default": "",
            "type": "date",
            "isConstructorParam": false,
            "doc": ""
        },
        {
            "name": "end",
            "default": "",
            "type": "date",
            "isConstructorParam": false,
            "doc": ""
        },
        {
            "name": "disableFuture",
            "default": "false",
            "type": "boolean",
            "isConstructorParam": false,
            "doc": ""
        },
        {
            "name": "open",
            "default": "false",
            "type": "boolean",
            "isConstructorParam": false,
            "doc": ""
        }
    ],
    "methods": [
        {
            "name": "select",
            "isPrivate": true,
            "param": [
                "date"
            ],
            "doc": ""
        },
        {
            "name": "clear",
            "isPrivate": false,
            "param": [],
            "doc": ""
        },
        {
            "name": "onChange",
            "isPrivate": false,
            "param": [
                "value"
            ],
            "doc": ""
        }
    ],
    "children": [
        {
            "type": "div",
            "attributes": [
                {
                    "name": "id",
                    "value": ""
                },
                {
                    "name": "class",
                    "value": "inputDate"
                }
            ],
            "textNodeContent": "",
            "componentVariableName": "",
            "properties": [],
            "children": [
                {
                    "type": "div",
                    "attributes": [
                        {
                            "name": "id",
                            "value": ""
                        },
                        {
                            "name": "class",
                            "value": "selectedDate"
                        }
                    ],
                    "textNodeContent": "",
                    "componentVariableName": "",
                    "properties": [],
                    "children": [
                        {
                            "type": "input",
                            "attributes": [
                                {
                                    "name": "id",
                                    "value": "selectedDate"
                                },
                                {
                                    "name": "class",
                                    "value": ""
                                },
                                {
                                    "name": "type",
                                    "value": "date"
                                },
                                {
                                    "name": "name",
                                    "value": "selectedDate"
                                },
                                {
                                    "name": "value",
                                    "value": ""
                                },
                                {
                                    "name": "placeholder",
                                    "value": ""
                                }
                            ],
                            "textNodeContent": "",
                            "componentVariableName": "",
                            "properties": [],
                            "children": []
                        }
                    ]
                },
                {
                    "type": "div",
                    "attributes": [
                        {
                            "name": "id",
                            "value": ""
                        },
                        {
                            "name": "class",
                            "value": "displayedDate"
                        }
                    ],
                    "textNodeContent": "",
                    "componentVariableName": "",
                    "properties": [],
                    "children": [
                        {
                            "type": "input",
                            "attributes": [
                                {
                                    "name": "id",
                                    "value": "displayedDate"
                                },
                                {
                                    "name": "class",
                                    "value": ""
                                },
                                {
                                    "name": "type",
                                    "value": "text"
                                },
                                {
                                    "name": "name",
                                    "value": "displayedDate"
                                },
                                {
                                    "name": "value",
                                    "value": ""
                                },
                                {
                                    "name": "placeholder",
                                    "value": ""
                                },
                                {
                                    "name": "autocomplete",
                                    "value": "off"
                                },
                                {
                                    "name": "readonly",
                                    "value": "readonly"
                                }
                            ],
                            "textNodeContent": "",
                            "componentVariableName": "",
                            "properties": [],
                            "children": []
                        }
                    ]
                },
                {
                    "type": "label",
                    "attributes": [
                        {
                            "name": "id",
                            "value": "mask"
                        },
                        {
                            "name": "class",
                            "value": "mask"
                        },
                        {
                            "name": "for",
                            "value": "selectedDate"
                        }
                    ],
                    "textNodeContent": "",
                    "componentVariableName": "",
                    "properties": [],
                    "children": []
                }
            ]
        }
    ],
    "doc": ""
}