{
    "type": "basicClass",
    "name": "HttpRequestJson",
    "extendComponent": false,
    "attributes": [
        {
            "name": "method",
            "default": "GET",
            "type": "string",
            "isConstructorParam": false,
            "doc": ""
        },
        {
            "name": "target",
            "default": "",
            "type": "string",
            "isConstructorParam": false,
            "doc": ""
        },
        {
            "name": "encodeURI",
            "default": "true",
            "type": "boolean",
            "isConstructorParam": false,
            "doc": ""
        },
        {
            "name": "contentType",
            "default": "application/json",
            "type": "string",
            "isConstructorParam": false,
            "doc": ""
        },
        {
            "name": "request",
            "default": "",
            "type": "null",
            "isConstructorParam": false,
            "doc": ""
        },
        {
            "name": "httpHeader",
            "default": "",
            "type": "object",
            "isConstructorParam": false,
            "doc": ""
        }
    ],
    "methods": [
        {
            "name": "send",
            "isPrivate": false,
            "param": [
                "param",
                "data"
            ],
            "doc": ""
        },
        {
            "name": "addToHttpHeader",
            "isPrivate": false,
            "param": [
                "name",
                "value"
            ],
            "doc": ""
        },
        {
            "name": "resetHttpHeader",
            "isPrivate": false,
            "param": [],
            "doc": ""
        },
        {
            "name": "onSuccess",
            "isPrivate": false,
            "param": [
                "status",
                "data"
            ],
            "doc": ""
        },
        {
            "name": "onError",
            "isPrivate": false,
            "param": [
                "status",
                "data"
            ],
            "doc": ""
        }
    ],
    "doc": ""
}