{
    "type": "basicClass",
    "name": "LinearGradient2D",
    "extendComponent": false,
    "attributes": [
        {
            "name": "colors",
            "default": "",
            "type": "array",
            "isConstructorParam": true,
            "doc": ""
        },
        {
            "name": "x1",
            "default": "",
            "type": "number",
            "isConstructorParam": true,
            "doc": ""
        },
        {
            "name": "y1",
            "default": "",
            "type": "number",
            "isConstructorParam": true,
            "doc": ""
        },
        {
            "name": "x2",
            "default": "",
            "type": "number",
            "isConstructorParam": true,
            "doc": ""
        },
        {
            "name": "y2",
            "default": "",
            "type": "number",
            "isConstructorParam": true,
            "doc": ""
        }
    ],
    "methods": [
        {
            "name": "render",
            "isPrivate": false,
            "param": [
                "context"
            ],
            "doc": ""
        }
    ],
    "doc": ""
}