{
    "type": "basicClass",
    "name": "Object2D",
    "extendComponent": false,
    "attributes": [
        {
            "name": "x",
            "default": "0",
            "type": "number",
            "isConstructorParam": false,
            "doc": ""
        },
        {
            "name": "y",
            "default": "0",
            "type": "number",
            "isConstructorParam": false,
            "doc": ""
        },
        {
            "name": "angle",
            "default": "0",
            "type": "number",
            "isConstructorParam": false,
            "doc": ""
        },
        {
            "name": "fillStyle",
            "default": "rgb(0, 0, 0)",
            "type": "string",
            "isConstructorParam": false,
            "doc": ""
        },
        {
            "name": "strokeStyle",
            "default": "rgb(0, 0, 0)",
            "type": "string",
            "isConstructorParam": false,
            "doc": ""
        },
        {
            "name": "lineWidth",
            "default": "0",
            "type": "number",
            "isConstructorParam": false,
            "doc": ""
        }
    ],
    "methods": [
        {
            "name": "render",
            "isPrivate": false,
            "param": [
                "context"
            ],
            "doc": ""
        }
    ],
    "doc": ""
}