{
    "type": "basicClass",
    "name": "RadialGradient2D",
    "extendComponent": false,
    "attributes": [
        {
            "name": "colors",
            "default": "",
            "type": "array",
            "isConstructorParam": true,
            "doc": ""
        },
        {
            "name": "startCenterX",
            "default": "",
            "type": "number",
            "isConstructorParam": true,
            "doc": ""
        },
        {
            "name": "startCenterY",
            "default": "",
            "type": "number",
            "isConstructorParam": true,
            "doc": ""
        },
        {
            "name": "startRadius",
            "default": "",
            "type": "number",
            "isConstructorParam": true,
            "doc": ""
        },
        {
            "name": "endCenterX",
            "default": "",
            "type": "number",
            "isConstructorParam": true,
            "doc": ""
        },
        {
            "name": "endCenterY",
            "default": "",
            "type": "number",
            "isConstructorParam": true,
            "doc": ""
        },
        {
            "name": "endRadius",
            "default": "",
            "type": "number",
            "isConstructorParam": true,
            "doc": ""
        }
    ],
    "methods": [
        {
            "name": "render",
            "isPrivate": false,
            "param": [
                "context"
            ],
            "doc": ""
        }
    ],
    "doc": ""
}