{
    "type": "canvas2dClass",
    "name": "Rect2D",
    "extend": "object2D",
    "attributes": [
        {
            "name": "width",
            "default": "",
            "type": "number",
            "isConstructorParam": true,
            "doc": ""
        },
        {
            "name": "height",
            "default": "",
            "type": "number",
            "isConstructorParam": true,
            "doc": ""
        }
    ],
    "methods": [
        {
            "name": "render",
            "isPrivate": false,
            "param": [
                "context"
            ],
            "doc": ""
        }
    ],
    "doc": ""
}