{
    "type": "basicClass",
    "name": "OrthoMatrix",
    "extendComponent": false,
    "attributes": [
        {
            "name": "matrix",
            "default": "new Matrix()",
            "type": "object",
            "isConstructorParam": false,
            "doc": ""
        },
        {
            "name": "left",
            "default": "",
            "type": "number",
            "isConstructorParam": true,
            "doc": ""
        },
        {
            "name": "right",
            "default": "",
            "type": "number",
            "isConstructorParam": true,
            "doc": ""
        },
        {
            "name": "top",
            "default": "",
            "type": "number",
            "isConstructorParam": true,
            "doc": ""
        },
        {
            "name": "bottom",
            "default": "",
            "type": "number",
            "isConstructorParam": true,
            "doc": ""
        },
        {
            "name": "width",
            "default": "right-left",
            "type": "number",
            "isConstructorParam": false,
            "doc": ""
        },
        {
            "name": "height",
            "default": "bottom-top",
            "type": "number",
            "isConstructorParam": false,
            "doc": ""
        },
        {
            "name": "ratio",
            "default": "width/height",
            "type": "number",
            "isConstructorParam": false,
            "doc": ""
        },
        {
            "name": "near",
            "default": "",
            "type": "number",
            "isConstructorParam": true,
            "doc": ""
        },
        {
            "name": "far",
            "default": "",
            "type": "number",
            "isConstructorParam": true,
            "doc": ""
        }
    ],
    "methods": [
        {
            "name": "update",
            "isPrivate": false,
            "param": [],
            "doc": ""
        }
    ],
    "doc": ""
}