{
    "type": "basicClass",
    "name": "PerspectiveMatrix",
    "extendComponent": false,
    "attributes": [
        {
            "name": "matrix",
            "default": "new Matrix()",
            "type": "object",
            "isConstructorParam": false,
            "doc": ""
        },
        {
            "name": "angleDeg",
            "default": "",
            "type": "number",
            "isConstructorParam": true,
            "doc": ""
        },
        {
            "name": "angleRad",
            "default": "$angle/360.0 * Math.PI",
            "type": "number",
            "isConstructorParam": false,
            "doc": ""
        },
        {
            "name": "ratio",
            "default": "",
            "type": "number",
            "isConstructorParam": true,
            "doc": ""
        },
        {
            "name": "near",
            "default": "",
            "type": "number",
            "isConstructorParam": true,
            "doc": ""
        },
        {
            "name": "far",
            "default": "",
            "type": "number",
            "isConstructorParam": true,
            "doc": ""
        }
    ],
    "methods": [
        {
            "name": "update",
            "isPrivate": false,
            "param": [],
            "doc": ""
        }
    ],
    "doc": ""
}