{
    "type": "basicClass",
    "name": "Polygon",
    "extendComponent": false,
    "attributes": [
        {
            "name": "verticesList",
            "default": "",
            "type": "array",
            "isConstructorParam": true,
            "doc": ""
        },
        {
            "name": "concave",
            "default": "",
            "type": "boolean",
            "isConstructorParam": true,
            "doc": ""
        },
        {
            "name": "polygonDeterminant",
            "default": "0.0",
            "type": "number",
            "isConstructorParam": false,
            "doc": ""
        },
        {
            "name": "triangulationVertices",
            "default": "",
            "type": "array",
            "isConstructorParam": false,
            "doc": ""
        },
        {
            "name": "triangulationIndices",
            "default": "",
            "type": "null",
            "isConstructorParam": false,
            "doc": ""
        }
    ],
    "methods": [
        {
            "name": "updateDeterminant",
            "isPrivate": false,
            "param": [],
            "doc": ""
        },
        {
            "name": "updateIndices",
            "isPrivate": false,
            "param": [],
            "doc": ""
        }
    ],
    "doc": ""
}