{
    "type": "basicClass",
    "name": "ScaleMatrix",
    "extendComponent": false,
    "attributes": [
        {
            "name": "matrix",
            "default": "new Matrix()",
            "type": "object",
            "isConstructorParam": false,
            "doc": ""
        },
        {
            "name": "x",
            "default": "",
            "type": "number",
            "isConstructorParam": true,
            "doc": ""
        },
        {
            "name": "y",
            "default": "",
            "type": "number",
            "isConstructorParam": true,
            "doc": ""
        },
        {
            "name": "z",
            "default": "",
            "type": "number",
            "isConstructorParam": true,
            "doc": ""
        }
    ],
    "methods": [],
    "doc": ""
}