{
    "type": "basicClass",
    "name": "TranslateMatrix",
    "extendComponent": false,
    "attributes": [
        {
            "name": "matrix",
            "default": "new Matrix()",
            "type": "object",
            "isConstructorParam": false,
            "doc": ""
        },
        {
            "name": "x",
            "default": "",
            "type": "number",
            "isConstructorParam": true,
            "doc": ""
        },
        {
            "name": "y",
            "default": "",
            "type": "number",
            "isConstructorParam": true,
            "doc": ""
        },
        {
            "name": "z",
            "default": "",
            "type": "number",
            "isConstructorParam": true,
            "doc": ""
        }
    ],
    "methods": [
        {
            "name": "translate",
            "isPrivate": false,
            "param": [
                "vector"
            ],
            "doc": ""
        },
        {
            "name": "setItemMatrix",
            "isPrivate": false,
            "param": [
                "i",
                "j",
                "value"
            ],
            "doc": ""
        },
        {
            "name": "setItemTable",
            "isPrivate": false,
            "param": [
                "index",
                "value"
            ],
            "doc": ""
        }
    ],
    "doc": ""
}