{
	"type": "guiComponent",
	"name": "Calendar",
	"attributes": [
		{
			"name": "dateFormatOptions",
			"default": "{ weekday: 'long', year: 'numeric', month: 'long', day: 'numeric' }",
			"type": "object",
			"isConstructorParam": false,
			"doc": "L'attribut dateFormatOptions est un tableau associatif permettant de paramétrer le mode d'affichage de la date dans le champ."
		},
		{
			"name": "today",
			"default": "",
			"type": "date",
			"isConstructorParam": false,
			"doc": "L'attribut today est un objet Date stockant la date du jour."
		},
		{
			"name": "date",
			"default": "",
			"type": "date",
			"isConstructorParam": true,
			"doc": "L'attribut date stock la date passée en paramètre lors de la création de l'objet. \nSi aucune date n'a été passée en paramètre, celle-ci est affectée à la date du jour par défaut."
		},
		{
			"name": "year",
			"default": "date.getFullYear()",
			"type": "number",
			"isConstructorParam": false,
			"doc": "L'attribut year stocke l'année de la date passée en paramètre lors de la création de l'objet calendrier."
		},
		{
			"name": "month",
			"default": "date.getMonth()",
			"type": "number",
			"isConstructorParam": false,
			"doc": "L'attribut month stocke le mois de la date passée en paramètre lors de la création de l'objet calendrier."
		},
		{
			"name": "weekLength",
			"default": "7",
			"type": "number",
			"isConstructorParam": false,
			"doc": "L'attribut weekLength permet d'indiquer la longueur de la semaine afficher. Ce paramètre permet d'indiquer si le calendrier doit afficher les week)end ou non. \nLa valeur par défaut est 7 pour la semaine complète."
		},
		{
			"name": "weekStart",
			"default": "0",
			"type": "number",
			"isConstructorParam": false,
			"doc": "L'attribut weekStart est un entier qui permet d'indiquer à quel jour démarre la semaine (le dimanche ou le lundi par exemple)."
		},
		{
			"name": "start",
			"default": "",
			"type": "date",
			"isConstructorParam": false,
			"doc": ""
		},
		{
			"name": "end",
			"default": "",
			"type": "date",
			"isConstructorParam": false,
			"doc": ""
		},
		{
			"name": "autoresize",
			"default": "",
			"type": "number",
			"isConstructorParam": true,
			"doc": "L'attribut autoresize est un booléen qui indique si la largeur du champ d'affichage de la date sélectionner doit s'adapter automatiquement au contenu ou non. \nPar défaut, la valeur est à true."
		},
		{
			"name": "enable",
			"default": "true",
			"type": "boolean",
			"isConstructorParam": false,
			"doc": "L'attribut enable indique si la date de l'objet calendrier peut être changée ou non. Par défaut il vaut true."
		},
		{
			"name": "disableFuture",
			"default": "false",
			"type": "boolean",
			"isConstructorParam": false,
			"doc": "L'attribut disableFuture est un booléen qui permet d'indiquer s'il est possible ou non de saisir une date dans le future. \nPar défaut il vaut false."
		},
		{
			"name": "shortMode",
			"default": "false",
			"type": "boolean",
			"isConstructorParam": false,
			"doc": "L'attribut shortMode est un booléen qui permet d'indiquer si on veut afficher une version courte de la date ou non. \nPar défaut il vaut false."
		},
		{
			"name": "open",
			"default": "false",
			"type": "boolean",
			"isConstructorParam": false,
			"doc": "L'attribut open est un booléen qui mémorise si le calendrier est ouvert ou non."
		},
		{
			"name": "changedByUser",
			"default": "false",
			"type": "boolean",
			"isConstructorParam": false,
			"doc": "L'attribut changedByUser est un booléen qui mémorise si le dernier changement de date de l'objet calendrier a été opéré manuellement par un utilisateur humain ou automatiquement dans le programme."
		},
		{
			"name": "invisibleFreezeScreen",
			"default": "new InvisibleFreezeScreen()",
			"type": "object",
			"isConstructorParam": false,
			"doc": "L'attribut invisibleFreezeScreen est un élément DOM invisible qui occupe tout l'écran permettant de capturer tout clic extérieur au calendrier ordonnant ainsi sa fermeture. "
		},
		{
			"name": "panel",
			"default": "component.getById('panel')",
			"type": "object",
			"isConstructorParam": false,
			"doc": "L'attribut panel est un élément du DOM contenant le calendrier interactif."
		},
		{
			"name": "navigation",
			"default": "component.getById('navigation')",
			"type": "object",
			"isConstructorParam": false,
			"doc": "L'attribut navigation est l'élément du DOM qui contient l'interface de navigation entre les différents mois."
		},
		{
			"name": "previousMonth",
			"default": "component.getById('previousMonth')",
			"type": "object",
			"isConstructorParam": false,
			"doc": "L'attribut previousMonth est l'élément du DOM qui contient la flèche permettant d'afficher le mois précédent."
		},
		{
			"name": "currentMonth",
			"default": "component.getById('month')",
			"type": "object",
			"isConstructorParam": false,
			"doc": "L'attribut currentMonth est l'élément du DOM qui affiche le mois actuellement sélectionné dans la navigation."
		},
		{
			"name": "nextMonth",
			"default": "component.getById('nextMonth')",
			"type": "object",
			"isConstructorParam": false,
			"doc": "L'attribut nextMonth est l'élément du DOM qui contient la flèche permettant d'afficher le mois suivant."
		},
		{
			"name": "week",
			"default": "component.getById('week')",
			"type": "object",
			"isConstructorParam": false,
			"doc": "L'attribut week est l'élément du DOM qui affiche la liste des jours de la semaine."
		},
		{
			"name": "days",
			"default": "component.getById('days')",
			"type": "object",
			"isConstructorParam": false,
			"doc": "L'attribut days est l'élément du DOM où sont affiché tous les jours clicables du mois sélectionné dans la navigation."
		},
		{
			"name": "todayButton",
			"default": "component.getById('today')",
			"type": "object",
			"isConstructorParam": false,
			"doc": "L'attribut todayButton est l'élément du DOM de type bouton qui permet de sélectionner le jour en cours."
		}
	],
	"methods": [
		{
			"name": "select",
			"isPrivate": true,
			"param": [
				"date"
			],
			"doc": "Sélectionne la date passé en paramètre $date."
		},
		{
			"name": "resize",
			"isPrivate": true,
			"param": [],
			"doc": "Redimensionne et repositionne le calendrier."
		},
		{
			"name": "autoResize",
			"isPrivate": true,
			"param": [],
			"doc": "Déclenche le redimensionnement automatique du champ de la date sélectionnée en fonction de son contenu."
		},
		{
			"name": "resizeCircles",
			"isPrivate": true,
			"param": [],
			"doc": "Assure que les cercles entourant les jours sur le calendrier sont bien ronds."
		},
		{
			"name": "buildInterface",
			"isPrivate": true,
			"param": [],
			"doc": "Construit l'interface graphique du calendrier interactif."
		},
		{
			"name": "onOpen",
			"isPrivate": false,
			"param": [],
			"doc": "Evénement déclenché à l'ouverture du calendrier. Doit être défini par l'utilisateur. "
		},
		{
			"name": "open",
			"isPrivate": false,
			"param": [],
			"doc": "Ouvre le calendrier interactif."
		},
		{
			"name": "close",
			"isPrivate": false,
			"param": [],
			"doc": "Ferme le calendrier interactif."
		},
		{
			"name": "changeMonth",
			"isPrivate": true,
			"param": [
				"month",
				"year"
			],
			"doc": "Permet de sélectionner un mois précis. Le paramètre $month indique le mois et la paramètre $year, l'année."
		},
		{
			"name": "onChange",
			"isPrivate": false,
			"param": [
				"value"
			],
			"doc": "Déclenché lors de la sélection d'une date dans le calendrier. Le paramètre $value contient la nouvelle date sélectionnée. \nDoit être spécifié par l'utilisateur. "
		}
	],
	"children": [
		{
			"type": "div",
			"attributes": [
				{
					"name": "id",
					"value": ""
				},
				{
					"name": "class",
					"value": "calendar"
				}
			],
			"textNodeContent": "",
			"componentVariableName": "",
			"properties": [],
			"children": [
				{
					"type": "p",
					"attributes": [
						{
							"name": "id",
							"value": ""
						},
						{
							"name": "class",
							"value": ""
						}
					],
					"textNodeContent": "",
					"componentVariableName": "",
					"properties": [],
					"children": [
						{
							"type": "input",
							"attributes": [
								{
									"name": "id",
									"value": "selectedDate"
								},
								{
									"name": "class",
									"value": "selectedDate"
								},
								{
									"name": "type",
									"value": "text"
								},
								{
									"name": "name",
									"value": "selectedDate"
								},
								{
									"name": "value",
									"value": ""
								},
								{
									"name": "placeholder",
									"value": ""
								},
								{
									"name": "autocomplete",
									"value": "off"
								},
								{
									"name": "readonly",
									"value": "readonly"
								}
							],
							"textNodeContent": "",
							"componentVariableName": "",
							"properties": [],
							"children": []
						}
					]
				},
				{
					"type": "div",
					"attributes": [
						{
							"name": "id",
							"value": "invisibleFreezeScreen"
						},
						{
							"name": "class",
							"value": "invisibleFreezeScreen"
						}
					],
					"textNodeContent": "",
					"componentVariableName": "",
					"properties": [],
					"children": []
				},
				{
					"type": "div",
					"attributes": [
						{
							"name": "id",
							"value": "panel"
						},
						{
							"name": "class",
							"value": "calendarPanel panel"
						}
					],
					"textNodeContent": "",
					"componentVariableName": "",
					"properties": [],
					"children": [
						{
							"type": "p",
							"attributes": [
								{
									"name": "id",
									"value": "navigation"
								},
								{
									"name": "class",
									"value": "navigation"
								}
							],
							"textNodeContent": "",
							"componentVariableName": "",
							"properties": [],
							"children": [
								{
									"type": "span",
									"attributes": [
										{
											"name": "id",
											"value": "previousMonth"
										},
										{
											"name": "class",
											"value": "previousMonth"
										}
									],
									"textNodeContent": "",
									"componentVariableName": "",
									"properties": [],
									"children": [
										{
											"type": "textNode",
											"attributes": [
												{
													"name": "id",
													"value": ""
												},
												{
													"name": "class",
													"value": ""
												}
											],
											"textNodeContent": "◄",
											"componentVariableName": "",
											"properties": [],
											"children": []
										}
									]
								},
								{
									"type": "span",
									"attributes": [
										{
											"name": "id",
											"value": "month"
										},
										{
											"name": "class",
											"value": ""
										}
									],
									"textNodeContent": "",
									"componentVariableName": "",
									"properties": [],
									"children": []
								},
								{
									"type": "span",
									"attributes": [
										{
											"name": "id",
											"value": "nextMonth"
										},
										{
											"name": "class",
											"value": "nextMonth"
										}
									],
									"textNodeContent": "",
									"componentVariableName": "",
									"properties": [],
									"children": [
										{
											"type": "textNode",
											"attributes": [
												{
													"name": "id",
													"value": ""
												},
												{
													"name": "class",
													"value": ""
												}
											],
											"textNodeContent": "►",
											"componentVariableName": "",
											"properties": [],
											"children": []
										}
									]
								}
							]
						},
						{
							"type": "table",
							"attributes": [
								{
									"name": "id",
									"value": ""
								},
								{
									"name": "class",
									"value": ""
								}
							],
							"textNodeContent": "",
							"componentVariableName": "",
							"properties": [],
							"children": [
								{
									"type": "thead",
									"attributes": [
										{
											"name": "id",
											"value": ""
										},
										{
											"name": "class",
											"value": ""
										}
									],
									"textNodeContent": "",
									"componentVariableName": "",
									"properties": [],
									"children": [
										{
											"type": "tr",
											"attributes": [
												{
													"name": "id",
													"value": "week"
												},
												{
													"name": "class",
													"value": ""
												}
											],
											"textNodeContent": "",
											"componentVariableName": "",
											"properties": [],
											"children": []
										}
									]
								},
								{
									"type": "tbody",
									"attributes": [
										{
											"name": "id",
											"value": "days"
										},
										{
											"name": "class",
											"value": ""
										}
									],
									"textNodeContent": "",
									"componentVariableName": "",
									"properties": [],
									"children": []
								}
							]
						},
						{
							"type": "p",
							"attributes": [
								{
									"name": "id",
									"value": ""
								},
								{
									"name": "class",
									"value": ""
								}
							],
							"textNodeContent": "",
							"componentVariableName": "",
							"properties": [],
							"children": [
								{
									"type": "input",
									"attributes": [
										{
											"name": "id",
											"value": "today"
										},
										{
											"name": "class",
											"value": "today"
										},
										{
											"name": "type",
											"value": "button"
										},
										{
											"name": "name",
											"value": ""
										},
										{
											"name": "value",
											"value": "KEYWORDS.today"
										},
										{
											"name": "placeholder",
											"value": ""
										}
									],
									"textNodeContent": "",
									"componentVariableName": "",
									"properties": [],
									"children": []
								}
							]
						}
					]
				}
			]
		}
	],
	"doc": "L'objet Calendar est un champ de saisie qui ouvre un calendrier interactif permettant de sélectionner une date. \nIl est exclusif aux navigateurs de bureau."
}