{
    "type": "guiComponent",
    "name": "ComboBox",
    "attributes": [
        {
            "name": "name",
            "default": "",
            "type": "string",
            "isConstructorParam": true,
            "doc": ""
        },
        {
            "name": "options",
            "default": "",
            "type": "array",
            "isConstructorParam": true,
            "doc": ""
        },
        {
            "name": "currentValue",
            "default": "",
            "type": "string",
            "isConstructorParam": true,
            "doc": ""
        },
        {
            "name": "currentIndex",
            "default": "0",
            "type": "number",
            "isConstructorParam": false,
            "doc": ""
        },
        {
            "name": "freeOption",
            "default": "",
            "type": "boolean",
            "isConstructorParam": true,
            "doc": ""
        },
        {
            "name": "autoResize",
            "default": "",
            "type": "boolean",
            "isConstructorParam": true,
            "doc": ""
        },
        {
            "name": "enable",
            "default": "true",
            "type": "boolean",
            "isConstructorParam": false,
            "doc": ""
        },
        {
            "name": "open",
            "default": "false",
            "type": "boolean",
            "isConstructorParam": false,
            "doc": ""
        },
        {
            "name": "enlighted",
            "default": "",
            "type": "null",
            "isConstructorParam": false,
            "doc": ""
        },
        {
            "name": "icon",
            "default": "Loader.getSVG('icons', 'sort-icon', 17, 17)",
            "type": "object",
            "isConstructorParam": false,
            "doc": ""
        },
        {
            "name": "invisibleFreezeScreen",
            "default": "new InvisibleFreezeScreen()",
            "type": "object",
            "isConstructorParam": false,
            "doc": ""
        },
        {
            "name": "panel",
            "default": "component.getById('panel')",
            "type": "object",
            "isConstructorParam": false,
            "doc": ""
        },
        {
            "name": "list",
            "default": "component.getById('list')",
            "type": "object",
            "isConstructorParam": false,
            "doc": ""
        }
    ],
    "methods": [
        {
            "name": "loadOptions",
            "isPrivate": true,
            "param": [],
            "doc": ""
        },
        {
            "name": "select",
            "isPrivate": false,
            "param": [
                "index"
            ],
            "doc": ""
        },
        {
            "name": "enlight",
            "isPrivate": false,
            "param": [
                "index"
            ],
            "doc": ""
        },
        {
            "name": "resize",
            "isPrivate": true,
            "param": [],
            "doc": ""
        },
        {
            "name": "autoResize",
            "isPrivate": false,
            "param": [],
            "doc": ""
        },
        {
            "name": "onOpen",
            "isPrivate": false,
            "param": [],
            "doc": ""
        },
        {
            "name": "open",
            "isPrivate": false,
            "param": [],
            "doc": ""
        },
        {
            "name": "onClose",
            "isPrivate": false,
            "param": [],
            "doc": ""
        },
        {
            "name": "close",
            "isPrivate": false,
            "param": [],
            "doc": ""
        },
        {
            "name": "onRemove",
            "isPrivate": false,
            "param": [],
            "doc": "Pas implémenté."
        },
        {
            "name": "onRemove",
            "isPrivate": false,
            "param": [
                "value"
            ],
            "doc": ""
        },
        {
            "name": "onKeyDown",
            "isPrivate": false,
            "param": [
                "event"
            ],
            "doc": ""
        },
        {
            "name": "onResize",
            "isPrivate": false,
            "param": [],
            "doc": ""
        },
        {
            "name": "getDisplayedValue",
            "isPrivate": false,
            "param": [],
            "doc": ""
        }
    ],
    "children": [
        {
            "type": "div",
            "attributes": [
                {
                    "name": "id",
                    "value": ""
                },
                {
                    "name": "class",
                    "value": "select"
                }
            ],
            "textNodeContent": "",
            "componentVariableName": "",
            "properties": [],
            "children": [
                {
                    "type": "div",
                    "attributes": [
                        {
                            "name": "id",
                            "value": ""
                        },
                        {
                            "name": "class",
                            "value": ""
                        }
                    ],
                    "textNodeContent": "",
                    "componentVariableName": "",
                    "properties": [],
                    "children": [
                        {
                            "type": "input",
                            "attributes": [
                                {
                                    "name": "id",
                                    "value": "selected"
                                },
                                {
                                    "name": "class",
                                    "value": "selected"
                                },
                                {
                                    "name": "type",
                                    "value": "text"
                                },
                                {
                                    "name": "name",
                                    "value": ""
                                },
                                {
                                    "name": "value",
                                    "value": ""
                                },
                                {
                                    "name": "placeholder",
                                    "value": ""
                                },
                                {
                                    "name": "readonly",
                                    "value": "readonly"
                                }
                            ],
                            "textNodeContent": "",
                            "componentVariableName": "",
                            "properties": [],
                            "children": []
                        },
                        {
                            "type": "span",
                            "attributes": [
                                {
                                    "name": "id",
                                    "value": "icon"
                                },
                                {
                                    "name": "class",
                                    "value": "icon"
                                }
                            ],
                            "textNodeContent": "",
                            "componentVariableName": "",
                            "properties": [],
                            "children": []
                        },
                        {
                            "type": "div",
                            "attributes": [
                                {
                                    "name": "id",
                                    "value": ""
                                },
                                {
                                    "name": "class",
                                    "value": "wall"
                                }
                            ],
                            "textNodeContent": "",
                            "componentVariableName": "",
                            "properties": [],
                            "children": []
                        }
                    ]
                },
                {
                    "type": "div",
                    "attributes": [
                        {
                            "name": "id",
                            "value": "invisibleFreezeScreen"
                        },
                        {
                            "name": "class",
                            "value": "invisibleFreezeScreen"
                        }
                    ],
                    "textNodeContent": "",
                    "componentVariableName": "",
                    "properties": [],
                    "children": []
                },
                {
                    "type": "div",
                    "attributes": [
                        {
                            "name": "id",
                            "value": "panel"
                        },
                        {
                            "name": "class",
                            "value": "panel selectPanel"
                        }
                    ],
                    "textNodeContent": "",
                    "componentVariableName": "",
                    "properties": [],
                    "children": [
                        {
                            "type": "ul",
                            "attributes": [
                                {
                                    "name": "id",
                                    "value": "list"
                                },
                                {
                                    "name": "class",
                                    "value": ""
                                }
                            ],
                            "textNodeContent": "",
                            "componentVariableName": "",
                            "properties": [],
                            "children": []
                        }
                    ]
                }
            ]
        }
    ],
    "doc": ""
}