{
	"type": "guiComponent",
	"name": "Desktop",
	"attributes": [
		{
			"name": "elements",
			"default": "",
			"type": "list",
			"isConstructorParam": false,
			"doc": "Stocke la liste des icônes affichées sur le bureau."
		},
		{
			"name": "editMode",
			"default": "false",
			"type": "boolean",
			"isConstructorParam": false,
			"doc": "Booléen qui indique le contenu du bureau peut-être modifié ou non. Il est par défaut affecté à la valeur false."
		},
		{
			"name": "clicked",
			"default": "false",
			"type": "boolean",
			"isConstructorParam": false,
			"doc": "Obsolète"
		},
		{
			"name": "moved",
			"default": "false",
			"type": "boolean",
			"isConstructorParam": false,
			"doc": "Booléen qui indique si une icône a été déplacée de suffisamment de pixels pour être considéré comme un déplacement à effectuer. \nCeci empêche les petits déplacements involontaires de parasiter le fonctionnement des événements de clic."
		},
		{
			"name": "select",
			"default": "false",
			"type": "boolean",
			"isConstructorParam": false,
			"doc": "Booléen qui indique si une sélection de zone est en cours de réalisation."
		},
		{
			"name": "dragging",
			"default": "false",
			"type": "boolean",
			"isConstructorParam": false,
			"doc": "Indique si une action de glisser déposer est en cours."
		},
		{
			"name": "startX",
			"default": "0",
			"type": "number",
			"isConstructorParam": false,
			"doc": "Stocke la position de départ en X de la souris lors d'une action de glisser déposer."
		},
		{
			"name": "startY",
			"default": "0",
			"type": "number",
			"isConstructorParam": false,
			"doc": "Stocke la position de départ en Y de la souris lors d'une action de glisser déposer."
		},
		{
			"name": "offsetX",
			"default": "0",
			"type": "number",
			"isConstructorParam": false,
			"doc": "Obsolète"
		},
		{
			"name": "offsetY",
			"default": "0",
			"type": "number",
			"isConstructorParam": false,
			"doc": "Obsolète"
		}
	],
	"methods": [
		{
			"name": "unselectAll",
			"isPrivate": false,
			"param": [],
			"doc": "Désélectionne toutes les icônes du bureau."
		},
		{
			"name": "updateIcons",
			"isPrivate": true,
			"param": [],
			"doc": "Met à jour le positionnement des icônes sur le bureau en fonction de la taille de la fenêtre."
		},
		{
			"name": "autoResize",
			"isPrivate": false,
			"param": [],
			"doc": "Déclenche la mise à jour automatique de la position des icônes."
		},
		{
			"name": "onDrag",
			"isPrivate": true,
			"param": [
				"x",
				"y",
				"element"
			],
			"doc": "Retourne l'élément survolé lors d'une action de glisser déposer d'une icône.\nLa paramètre $x renseigne la position de la souris en X.\nLa paramètre $y renseigne la position de la souris en Y.\nLe paramètre $element renseigne l'élément qui est en cours de déplacement."
		},
		{
			"name": "onRelease",
			"isPrivate": true,
			"param": [
				"element",
				"index"
			],
			"doc": "Insère l'icône déplacée à la position ciblée à la fin d'une action de glisser déposer.\nLe paramètre $element renseigne l'icône à insérer. \nLe paramètre $index renseigne la nouvelle position de l'icône à insérer au sain de la liste d'éléments."
		},
		{
			"name": "onMouseMove",
			"isPrivate": true,
			"param": [
				"event"
			],
			"doc": "Cette méthodes gère les effets du mouvement de la souris lors d'une action de glisser déposer. \nElle trace un rectangle de sélection s'il s'agit d'une action de sélection qui est en cours. \nElle déplace une ou des icône s'il s'agit d'un déplacement d'icônes. \nLe paramètre $event renseigne les information du déplacement de la souris."
		},
		{
			"name": "onMouseUp",
			"isPrivate": true,
			"param": [
				"event"
			],
			"doc": "Cette méthodes gère les effets de la fin d'une action de glisser déposer. \nElle sélectionne les icônes qui se trouve à l'intérieur du rectangle de sélection s'il s'agit d'une action de sélection. \nElle déclenche toutes les interactions possibles avec les autres composants de l'interface graphique s'il s'agit d'un déplacement d'icônes. \nLe paramètre $event renseigne les informations du déplacement de la souris."
		},
		{
			"name": "onKeyUp",
			"isPrivate": false,
			"param": [
				"event"
			],
			"doc": ""
		},
		{
			"name": "onEndResize",
			"isPrivate": false,
			"param": [],
			"doc": "Déclenche la mise à jour du positionnement des icônes du bureau à la fin du redimensionnement de la fenêtre."
		},
		{
			"name": "onDropItems",
			"isPrivate": true,
			"param": [
				"event"
			],
			"doc": "Dépose les éléments déplacés dans d'autres composants de l'interface graphique."
		}
	],
	"children": [
		{
			"type": "div",
			"attributes": [
				{
					"name": "id",
					"value": ""
				},
				{
					"name": "class",
					"value": "desktop"
				}
			],
			"textNodeContent": "",
			"componentVariableName": "",
			"properties": [],
			"children": [
				{
					"type": "div",
					"attributes": [
						{
							"name": "id",
							"value": "standard"
						},
						{
							"name": "class",
							"value": "standard"
						}
					],
					"textNodeContent": "",
					"componentVariableName": "",
					"properties": [],
					"children": [
						{
							"type": "div",
							"attributes": [
								{
									"name": "id",
									"value": "standardIcon"
								},
								{
									"name": "class",
									"value": "standardIcon"
								}
							],
							"textNodeContent": "",
							"componentVariableName": "",
							"properties": [],
							"children": []
						}
					]
				},
				{
					"type": "div",
					"attributes": [
						{
							"name": "id",
							"value": "listIcons"
						},
						{
							"name": "class",
							"value": ""
						}
					],
					"textNodeContent": "",
					"componentVariableName": "",
					"properties": [],
					"children": []
				},
				{
					"type": "div",
					"attributes": [
						{
							"name": "id",
							"value": "selectRect"
						},
						{
							"name": "class",
							"value": "selectRect"
						}
					],
					"textNodeContent": "",
					"componentVariableName": "",
					"properties": [],
					"children": []
				}
			]
		}
	],
	"doc": "L'objet Desktop permet de simuler une interface de type bureau d'OS proche de celui de Mac OS X. \nIl n'est pour l'heure disponible que pour la version navigateur de bureau du framework."
}