{
	"type": "guiComponent",
	"name": "DesktopItem",
	"attributes": [
		{
			"name": "label",
			"default": "",
			"type": "string",
			"isConstructorParam": true,
			"doc": "Stocke le nom de l'icône."
		},
		{
			"name": "icon",
			"default": "",
			"type": "string",
			"isConstructorParam": true,
			"doc": "Stocke l'image de l'icône. Il peut s'agir d'un noeud image comme d'un noeud SVG."
		},
		{
			"name": "parent",
			"default": "",
			"type": "null",
			"isConstructorParam": false,
			"doc": "Stock une référence vers le bureau parent."
		},
		{
			"name": "clicked",
			"default": "false",
			"type": "boolean",
			"isConstructorParam": false,
			"doc": "Obsolète"
		},
		{
			"name": "moved",
			"default": "false",
			"type": "boolean",
			"isConstructorParam": false,
			"doc": "Obsolète"
		},
		{
			"name": "dragging",
			"default": "false",
			"type": "boolean",
			"isConstructorParam": false,
			"doc": "Booléen qui indique si l'icône est déplacée par une action de glisser déposer ou non."
		},
		{
			"name": "startX",
			"default": "0",
			"type": "number",
			"isConstructorParam": false,
			"doc": "Stocke la position de départ en X de la souris lors d'une action de glisser déposer."
		},
		{
			"name": "startY",
			"default": "0",
			"type": "number",
			"isConstructorParam": false,
			"doc": "Stocke la position de départ en Y de la souris lors d'une action de glisser déposer."
		},
		{
			"name": "offsetX",
			"default": "0",
			"type": "number",
			"isConstructorParam": false,
			"doc": "Stocke le décalage en X entre la position de la souris et la position de l'icône au démarrage d'une action de glisser déposer pour maintenir ce décalage au cours du mouvement."
		},
		{
			"name": "offsetY",
			"default": "0",
			"type": "number",
			"isConstructorParam": false,
			"doc": "Stocke le décalage en Y entre la position de la souris et la position de l'icône au démarrage d'une action de glisser déposer pour maintenir ce décalage au cours du mouvement."
		},
		{
			"name": "ghost",
			"default": "",
			"type": "null",
			"isConstructorParam": false,
			"doc": "Clone de l'icône qui suit le mouvement de la souris lors d'une action de glisser déposer."
		},
		{
			"name": "virtualItem",
			"default": "",
			"type": "null",
			"isConstructorParam": false,
			"doc": "Obsolète"
		},
		{
			"name": "parentNode",
			"default": "",
			"type": "null",
			"isConstructorParam": false,
			"doc": "Obsolète"
		},
		{
			"name": "offsetIndex",
			"default": "0",
			"type": "number",
			"isConstructorParam": false,
			"doc": "Obsolète"
		},
		{
			"name": "currentIndex",
			"default": "0",
			"type": "number",
			"isConstructorParam": false,
			"doc": "Obsolète"
		}
	],
	"methods": [
		{
			"name": "select",
			"isPrivate": false,
			"param": [],
			"doc": "Méthode qui transforme l'apparence de l'icône pour montrer qu'elle est sélectionnée."
		},
		{
			"name": "unselect",
			"isPrivate": false,
			"param": [],
			"doc": "Méthode qui transforme l'apparence de l'icône pour montrer qu'elle n'est pas sélectionnée."
		},
		{
			"name": "updateIcon",
			"isPrivate": true,
			"param": [],
			"doc": "Méthode qui met à jour l'apparence de l'icône en fonction de la valeur de ses attributs."
		},
		{
			"name": "isVertexInRect",
			"isPrivate": false,
			"param": [
				"x",
				"y",
				"rect"
			],
			"doc": "Méthode qui indique si un point situé au coordonnées $x et $y passées en paramètre se situe à l'intérieur du noeud $rect passé en paramètre."
		},
		{
			"name": "onAction",
			"isPrivate": false,
			"param": [
				"event"
			],
			"doc": "Action déclenchée lors du double clique sur l'icône. \nCette méthode doit être définie par l'utilisateur. \nLe paramètre $event contient les informations de l'événement double click déclenché. Il n'y a a priori pas besoin de l'exploiter."
		},
		{
			"name": "onDblClick",
			"isPrivate": false,
			"param": [
				"event"
			],
			"doc": "Méthode déclenchée lors du double clique sur l'icône. \nElle exécute la méthode onAction et sélectionne l'icône en même temps.\nLe paramètre $event contient les informations de l'événement double click déclenché. "
		},
		{
			"name": "onMouseDown",
			"isPrivate": true,
			"param": [
				"event"
			],
			"doc": "Initialise une action de glisser déposé. \nLa paramètre $event contient les informations de position de la souris. "
		},
		{
			"name": "onDrag",
			"isPrivate": false,
			"param": [
				"x",
				"y"
			],
			"doc": "Obsolète"
		},
		{
			"name": "onRelease",
			"isPrivate": false,
			"param": [
				"list",
				"index"
			],
			"doc": "Obsolète"
		},
		{
			"name": "onMouseMove",
			"isPrivate": true,
			"param": [
				"event"
			],
			"doc": "Gère le mouvement de l'icône en fonction du mouvement de la souris lors d'une action de glisser déposer. \nLa paramètre $event contient les informations de position et de mouvement de la souris. "
		},
		{
			"name": "mouseMove",
			"isPrivate": false,
			"param": [],
			"doc": "Alias de onMouseMove."
		},
		{
			"name": "onMouseUp",
			"isPrivate": true,
			"param": [
				"event"
			],
			"doc": "Met fin à une action de glisser déposer.\nLa paramètre $event contient les informations de position et de mouvement de la souris. "
		},
		{
			"name": "mouseUp",
			"isPrivate": false,
			"param": [],
			"doc": "Alias de onMouseUp."
		},
		{
			"name": "onKeyUp",
			"isPrivate": false,
			"param": [
				"event"
			],
			"doc": "Met fin à une action de glisser déposer lorsqu'on tape sur la touche échappe. \nLe paramètre $event contient les informations de la touche clavier utilisée."
		},
		{
			"name": "getOverLayer",
			"isPrivate": false,
			"param": [
				"x",
				"y",
				"movingElement"
			],
			"doc": "Détecte si l'icône est survolée par une autre icône qui fait l'objet d'une action de glisser déposer. \nLe paramètre $x renseigne la position en X de l'élément en déplacement.\nLe paramètre $y renseigne la position en Y de l'élément en déplacement.\nLe paramètre $movingElement contient l'élément en déplacement."
		},
		{
			"name": "index",
			"isPrivate": false,
			"param": [],
			"doc": "Retourne la position courante de l'icône dans son noeud HTML parent par rapport à ses noeuds frères."
		},
		{
			"name": "isLast",
			"isPrivate": false,
			"param": [],
			"doc": "Indique si l'icône est à la dernière position parmi sa fratrie dans le son noeud HTML parent."
		},
		{
			"name": "isInSelectRect",
			"isPrivate": false,
			"param": [
				"selectRect"
			],
			"doc": "Indique si l'icône se trouve à l'intérieur du rectangle de sélection $selectRect."
		},
		{
			"name": "isSelected",
			"isPrivate": false,
			"param": [],
			"doc": "Indique si l'icône est sélectionnée."
		}
	],
	"children": [
		{
			"type": "li",
			"attributes": [
				{
					"name": "id",
					"value": ""
				},
				{
					"name": "class",
					"value": "desktopItem"
				}
			],
			"textNodeContent": "",
			"componentVariableName": "",
			"properties": [],
			"children": [
				{
					"type": "div",
					"attributes": [
						{
							"name": "id",
							"value": "icon"
						},
						{
							"name": "class",
							"value": "desktopItemIcon"
						}
					],
					"textNodeContent": "",
					"componentVariableName": "",
					"properties": [],
					"children": []
				},
				{
					"type": "div",
					"attributes": [
						{
							"name": "id",
							"value": "label"
						},
						{
							"name": "class",
							"value": "desktopItemLabel"
						}
					],
					"textNodeContent": "",
					"componentVariableName": "",
					"properties": [],
					"children": [
						{
							"type": "textNode",
							"attributes": [
								{
									"name": "id",
									"value": ""
								},
								{
									"name": "class",
									"value": ""
								}
							],
							"textNodeContent": "label",
							"componentVariableName": "",
							"properties": [],
							"children": []
						}
					]
				}
			]
		}
	],
	"doc": "L'objet DesktopItem permet d'afficher les icônes contenus dans l'objet Desktop."
}