{
	"type": "guiComponent",
	"name": "Dock",
	"attributes": [
		{
			"name": "editMode",
			"default": "false",
			"type": "boolean",
			"isConstructorParam": false,
			"doc": "Booléen qui indique si le contenu du dock est modifiable ou non."
		},
		{
			"name": "elements",
			"default": "",
			"type": "list",
			"isConstructorParam": false,
			"doc": "Liste des icônes contenues dans le dock."
		},
		{
			"name": "mouseIn",
			"default": "false",
			"type": "boolean",
			"isConstructorParam": false,
			"doc": "Booléen qui indique si la souris se trouve sur le dock."
		},
		{
			"name": "zoomingMode",
			"default": "false",
			"type": "boolean",
			"isConstructorParam": false,
			"doc": "Booléen qui indique si un effet de zoom est appliqué sur les icônes lorsque la souris les survole.\nIl vaut false par défaut."
		},
		{
			"name": "maxBaseWidth",
			"default": "75",
			"type": "number",
			"isConstructorParam": false,
			"doc": "Stocke la largeur maximale d'une icône."
		},
		{
			"name": "baseWidth",
			"default": "50",
			"type": "number",
			"isConstructorParam": false,
			"doc": "Stock la largeur d'une icône."
		},
		{
			"name": "zoomingMaxSize",
			"default": "2.5",
			"type": "number",
			"isConstructorParam": false,
			"doc": "Obsolète"
		},
		{
			"name": "maxZoomingDistance",
			"default": "200",
			"type": "number",
			"isConstructorParam": false,
			"doc": "Stock la distance maximale jusqu'à laquelle la souris a une influence sur l'effet de zoom des icônes."
		},
		{
			"name": "hiddenMode",
			"default": "false",
			"type": "boolean",
			"isConstructorParam": false,
			"doc": "Booléen qui indique si le dock doit être caché quand la souris s'éloigne ou non. \nPar défaut il vaut false."
		},
		{
			"name": "supportPosition",
			"default": "0",
			"type": "number",
			"isConstructorParam": false,
			"doc": "Indique la position du dock à la verticale pour l'animation qui cache ou affiche le dock. "
		},
		{
			"name": "animationTimer",
			"default": "",
			"type": "null",
			"isConstructorParam": false,
			"doc": "Stocke la référence vers le timer d'animation d'affichage ou de masquage du dock. "
		},
		{
			"name": "animationSpeed",
			"default": "0",
			"type": "number",
			"isConstructorParam": false,
			"doc": "Stock la vitesse de l'animation d'affichage ou de masquage du dock. "
		}
	],
	"methods": [
		{
			"name": "resizeItems",
			"isPrivate": false,
			"param": [],
			"doc": "Met à jour la taille des éléments du dock en fonction de leur nombre."
		},
		{
			"name": "autoResize",
			"isPrivate": false,
			"param": [],
			"doc": "Déclenche le redimensionnement automatique du dock et de son contenu."
		},
		{
			"name": "animation",
			"isPrivate": false,
			"param": [],
			"doc": "Gère l'animation d'affichage ou de masquage du dock."
		},
		{
			"name": "startDisplay",
			"isPrivate": false,
			"param": [],
			"doc": "Démarre l'animation d'affichage du dock."
		},
		{
			"name": "startHide",
			"isPrivate": false,
			"param": [],
			"doc": "Démarre l'animation de masquage du dock."
		},
		{
			"name": "reduce",
			"isPrivate": false,
			"param": [],
			"doc": "Lance l'animation de réduction de la taille des icônes si zoomingMode vaut true."
		},
		{
			"name": "onDrag",
			"isPrivate": true,
			"param": [
				"x",
				"y",
				"element"
			],
			"doc": "Retourne l'icône du dock survolée par l'élément HTML $element s'il y en a une. \nLe paramètre $x renseigne la position de la souris en X.\nLe paramètre $y renseigne la position de la souris en Y."
		},
		{
			"name": "onRelease",
			"isPrivate": true,
			"param": [
				"element",
				"index"
			],
			"doc": "Déclenche l'insertion de l'élément HTML $element dans le dock à la position $index à la fin d'une action de glisser déposer."
		},
		{
			"name": "onMouseMove",
			"isPrivate": true,
			"param": [
				"event"
			],
			"doc": "Gère l'animation du dock lors du survole de la souris."
		},
		{
			"name": "onMouseUp",
			"isPrivate": true,
			"param": [
				"event"
			],
			"doc": "Déclenche l'événement mouseUp des icônes du dock.\nLe paramètre $event contient les informations de position et de mouvement de la souris."
		},
		{
			"name": "onKeyUp",
			"isPrivate": false,
			"param": [
				"event"
			],
			"doc": "Déclenche l'événement onKeyUp des icônes du dock. \nLe paramètre $event contient les informations de la touche de clavier relâchée."
		}
	],
	"children": [
		{
			"type": "div",
			"attributes": [
				{
					"name": "id",
					"value": ""
				},
				{
					"name": "class",
					"value": "dock"
				}
			],
			"textNodeContent": "",
			"componentVariableName": "",
			"properties": [],
			"children": [
				{
					"type": "div",
					"attributes": [
						{
							"name": "id",
							"value": "movingBlock"
						},
						{
							"name": "class",
							"value": "movingBlock"
						}
					],
					"textNodeContent": "",
					"componentVariableName": "",
					"properties": [],
					"children": [
						{
							"type": "div",
							"attributes": [
								{
									"name": "id",
									"value": "supportLeft"
								},
								{
									"name": "class",
									"value": "support supportLeft"
								}
							],
							"textNodeContent": "",
							"componentVariableName": "",
							"properties": [],
							"children": []
						},
						{
							"type": "div",
							"attributes": [
								{
									"name": "id",
									"value": "center"
								},
								{
									"name": "class",
									"value": "center"
								}
							],
							"textNodeContent": "",
							"componentVariableName": "",
							"properties": [],
							"children": [
								{
									"type": "ul",
									"attributes": [
										{
											"name": "id",
											"value": "listIcons"
										},
										{
											"name": "class",
											"value": "listIcons"
										}
									],
									"textNodeContent": "",
									"componentVariableName": "",
									"properties": [],
									"children": []
								},
								{
									"type": "div",
									"attributes": [
										{
											"name": "id",
											"value": "supportCenter"
										},
										{
											"name": "class",
											"value": "support supportCenter"
										}
									],
									"textNodeContent": "",
									"componentVariableName": "",
									"properties": [],
									"children": []
								}
							]
						},
						{
							"type": "div",
							"attributes": [
								{
									"name": "id",
									"value": "supportRight"
								},
								{
									"name": "class",
									"value": "support supportRight"
								}
							],
							"textNodeContent": "",
							"componentVariableName": "",
							"properties": [],
							"children": []
						}
					]
				}
			]
		}
	],
	"doc": "L'object Dock permet de générer un dock en bas de l'écran similaire à celui de Mac OS X. \nIl n'est disponible que sur la version navigateur de bureau du framework."
}