{
    "type": "guiComponent",
    "name": "FileSystem",
    "attributes": [
        {
            "name": "this.isFileSystem",
            "default": "true",
            "type": "boolean",
            "isConstructorParam": false,
            "doc": ""
        },
        {
            "name": "sorted",
            "default": "",
            "type": "boolean",
            "isConstructorParam": true,
            "doc": ""
        },
        {
            "name": "editMode",
            "default": "false",
            "type": "boolean",
            "isConstructorParam": false,
            "doc": ""
        },
        {
            "name": "elements",
            "default": "",
            "type": "list",
            "isConstructorParam": false,
            "doc": ""
        },
        {
            "name": "selectedElement",
            "default": "",
            "type": "null",
            "isConstructorParam": false,
            "doc": ""
        }
    ],
    "methods": [
        {
            "name": "deselectAll",
            "isPrivate": true,
            "param": [],
            "doc": ""
        },
        {
            "name": "deselectAll",
            "isPrivate": false,
            "param": [],
            "doc": ""
        },
        {
            "name": "dragOutAll",
            "isPrivate": false,
            "param": [],
            "doc": ""
        },
        {
            "name": "empty",
            "isPrivate": false,
            "param": [],
            "doc": ""
        },
        {
            "name": "closeAll",
            "isPrivate": false,
            "param": [],
            "doc": ""
        },
        {
            "name": "onSelect",
            "isPrivate": false,
            "param": [
                "data"
            ],
            "doc": ""
        },
        {
            "name": "onChange",
            "isPrivate": false,
            "param": [
                "data"
            ],
            "doc": ""
        },
        {
            "name": "onChange",
            "isPrivate": true,
            "param": [
                "data"
            ],
            "doc": ""
        },
        {
            "name": "onClick",
            "isPrivate": false,
            "param": [],
            "doc": ""
        },
        {
            "name": "onMouseMove",
            "isPrivate": true,
            "param": [
                "event"
            ],
            "doc": ""
        },
        {
            "name": "onMouseUp",
            "isPrivate": true,
            "param": [
                "event"
            ],
            "doc": ""
        },
        {
            "name": "onKeyUp",
            "isPrivate": false,
            "param": [
                "event"
            ],
            "doc": ""
        }
    ],
    "children": [
        {
            "type": "div",
            "attributes": [
                {
                    "name": "id",
                    "value": ""
                },
                {
                    "name": "class",
                    "value": "fileSystem"
                }
            ],
            "textNodeContent": "",
            "componentVariableName": "",
            "properties": [],
            "children": [
                {
                    "type": "div",
                    "attributes": [
                        {
                            "name": "id",
                            "value": ""
                        },
                        {
                            "name": "class",
                            "value": "column"
                        }
                    ],
                    "textNodeContent": "",
                    "componentVariableName": "",
                    "properties": [],
                    "children": [
                        {
                            "type": "ul",
                            "attributes": [
                                {
                                    "name": "id",
                                    "value": "root"
                                },
                                {
                                    "name": "class",
                                    "value": ""
                                }
                            ],
                            "textNodeContent": "",
                            "componentVariableName": "",
                            "properties": [],
                            "children": []
                        }
                    ]
                }
            ]
        }
    ],
    "doc": ""
}