{
    "type": "guiComponent",
    "name": "FolderItem",
    "attributes": [
        {
            "name": "this.isFolder",
            "default": "true",
            "type": "boolean",
            "isConstructorParam": false,
            "doc": ""
        },
        {
            "name": "sorted",
            "default": "",
            "type": "boolean",
            "isConstructorParam": true,
            "doc": ""
        },
        {
            "name": "open",
            "default": "false",
            "type": "boolean",
            "isConstructorParam": false,
            "doc": ""
        },
        {
            "name": "editMode",
            "default": "false",
            "type": "boolean",
            "isConstructorParam": false,
            "doc": ""
        },
        {
            "name": "listPanel",
            "default": "",
            "type": "object",
            "isConstructorParam": false,
            "doc": ""
        },
        {
            "name": "unselectIcon",
            "default": "Loader.getSVG('icons', 'folder-icon', 18, 18)",
            "type": "object",
            "isConstructorParam": false,
            "doc": ""
        },
        {
            "name": "selectIcon",
            "default": "Loader.getSVG('icons', 'white-folder-icon', 18, 18)",
            "type": "object",
            "isConstructorParam": false,
            "doc": ""
        },
        {
            "name": "parentFolder",
            "default": "",
            "type": "null",
            "isConstructorParam": false,
            "doc": ""
        },
        {
            "name": "elements",
            "default": "",
            "type": "list",
            "isConstructorParam": false,
            "doc": ""
        },
        {
            "name": "clicked",
            "default": "false",
            "type": "boolean",
            "isConstructorParam": false,
            "doc": ""
        },
        {
            "name": "moved",
            "default": "false",
            "type": "boolean",
            "isConstructorParam": false,
            "doc": ""
        },
        {
            "name": "dragging",
            "default": "false",
            "type": "boolean",
            "isConstructorParam": false,
            "doc": ""
        },
        {
            "name": "startX",
            "default": "0",
            "type": "number",
            "isConstructorParam": false,
            "doc": ""
        },
        {
            "name": "startY",
            "default": "0",
            "type": "number",
            "isConstructorParam": false,
            "doc": ""
        },
        {
            "name": "offsetX",
            "default": "0",
            "type": "number",
            "isConstructorParam": false,
            "doc": ""
        },
        {
            "name": "offsetY",
            "default": "0",
            "type": "number",
            "isConstructorParam": false,
            "doc": ""
        },
        {
            "name": "ghost",
            "default": "",
            "type": "null",
            "isConstructorParam": false,
            "doc": ""
        },
        {
            "name": "virtualItem",
            "default": "",
            "type": "null",
            "isConstructorParam": false,
            "doc": ""
        },
        {
            "name": "parentNode",
            "default": "",
            "type": "null",
            "isConstructorParam": false,
            "doc": ""
        },
        {
            "name": "offsetIndex",
            "default": "0",
            "type": "number",
            "isConstructorParam": false,
            "doc": ""
        },
        {
            "name": "currentIndex",
            "default": "0",
            "type": "number",
            "isConstructorParam": false,
            "doc": ""
        }
    ],
    "methods": [
        {
            "name": "deselect",
            "isPrivate": false,
            "param": [],
            "doc": ""
        },
        {
            "name": "deselectAll",
            "isPrivate": false,
            "param": [],
            "doc": ""
        },
        {
            "name": "select",
            "isPrivate": false,
            "param": [],
            "doc": ""
        },
        {
            "name": "dragOutAll",
            "isPrivate": false,
            "param": [],
            "doc": ""
        },
        {
            "name": "dragOver",
            "isPrivate": false,
            "param": [],
            "doc": ""
        },
        {
            "name": "dragOut",
            "isPrivate": false,
            "param": [],
            "doc": ""
        },
        {
            "name": "open",
            "isPrivate": false,
            "param": [],
            "doc": ""
        },
        {
            "name": "closeAll",
            "isPrivate": false,
            "param": [],
            "doc": ""
        },
        {
            "name": "onSelect",
            "isPrivate": false,
            "param": [],
            "doc": ""
        },
        {
            "name": "onDrag",
            "isPrivate": false,
            "param": [
                "x",
                "y"
            ],
            "doc": ""
        },
        {
            "name": "onRelease",
            "isPrivate": false,
            "param": [
                "element",
                "index"
            ],
            "doc": ""
        },
        {
            "name": "onMouseMove",
            "isPrivate": true,
            "param": [
                "event"
            ],
            "doc": ""
        },
        {
            "name": "mouseMove",
            "isPrivate": false,
            "param": [],
            "doc": ""
        },
        {
            "name": "onMouseUp",
            "isPrivate": true,
            "param": [
                "event"
            ],
            "doc": ""
        },
        {
            "name": "mouseUp",
            "isPrivate": false,
            "param": [],
            "doc": ""
        },
        {
            "name": "onKeyUp",
            "isPrivate": false,
            "param": [
                "event"
            ],
            "doc": ""
        },
        {
            "name": "getOverLayer",
            "isPrivate": false,
            "param": [
                "x",
                "y",
                "movingElement"
            ],
            "doc": ""
        },
        {
            "name": "getListNode",
            "isPrivate": false,
            "param": [],
            "doc": ""
        },
        {
            "name": "index",
            "isPrivate": false,
            "param": [],
            "doc": ""
        },
        {
            "name": "isLast",
            "isPrivate": false,
            "param": [],
            "doc": ""
        }
    ],
    "children": [],
    "doc": ""
}