{
    "type": "guiComponent",
    "name": "InvisibleFreezeScreen",
    "attributes": [],
    "methods": [
        {
            "name": "resize",
            "isPrivate": false,
            "param": [
                "elementToSurround"
            ],
            "doc": ""
        },
        {
            "name": "display",
            "isPrivate": false,
            "param": [
                "elementToSurround"
            ],
            "doc": ""
        },
        {
            "name": "hide",
            "isPrivate": false,
            "param": [],
            "doc": ""
        }
    ],
    "children": [
        {
            "type": "div",
            "attributes": [
                {
                    "name": "id",
                    "value": ""
                },
                {
                    "name": "class",
                    "value": "invisibleFreezeScreen"
                }
            ],
            "textNodeContent": "",
            "componentVariableName": "",
            "properties": [],
            "children": [
                {
                    "type": "div",
                    "attributes": [
                        {
                            "name": "id",
                            "value": "invisibleFreezeScreenLeft"
                        },
                        {
                            "name": "class",
                            "value": "invisibleFreezeScreenLeft"
                        }
                    ],
                    "textNodeContent": "",
                    "componentVariableName": "",
                    "properties": [],
                    "children": []
                },
                {
                    "type": "div",
                    "attributes": [
                        {
                            "name": "id",
                            "value": "invisibleFreezeScreenRight"
                        },
                        {
                            "name": "class",
                            "value": "invisibleFreezeScreenRight"
                        }
                    ],
                    "textNodeContent": "",
                    "componentVariableName": "",
                    "properties": [],
                    "children": []
                },
                {
                    "type": "div",
                    "attributes": [
                        {
                            "name": "id",
                            "value": "invisibleFreezeScreenTop"
                        },
                        {
                            "name": "class",
                            "value": "invisibleFreezeScreenTop"
                        }
                    ],
                    "textNodeContent": "",
                    "componentVariableName": "",
                    "properties": [],
                    "children": []
                },
                {
                    "type": "div",
                    "attributes": [
                        {
                            "name": "id",
                            "value": "invisibleFreezeScreenBottom"
                        },
                        {
                            "name": "class",
                            "value": "invisibleFreezeScreenBottom"
                        }
                    ],
                    "textNodeContent": "",
                    "componentVariableName": "",
                    "properties": [],
                    "children": []
                }
            ]
        }
    ],
    "doc": ""
}