{
    "type": "basicClass",
    "name": "AutoCompleteKeyValue",
    "extendComponent": false,
    "attributes": [
        {
            "name": "selectedKey",
            "default": "",
            "type": "string",
            "isConstructorParam": false,
            "doc": "Clé de l'élément sélectionné."
        },
        {
            "name": "autoComplete",
            "default": "new AutoComplete()",
            "type": "object",
            "isConstructorParam": false,
            "doc": "Objet AutoComplete dont hérite AutoCompleteKeyValue."
        }
    ],
    "methods": [
        {
            "name": "select",
            "isPrivate": false,
            "param": [
                "index"
            ],
            "doc": "Méthode de sélection d'un élément par son index (position dans la liste de recherche mémorisée par l'objet). "
        },
        {
            "name": "selectByKey",
            "isPrivate": false,
            "param": [
                "key"
            ],
            "doc": "Méthode de sélection d'un élément par sa clé."
        },
        {
            "name": "autoSelect",
            "isPrivate": false,
            "param": [],
            "doc": "Sélectionne automatiquement le premier élément du résultat de recherche si celui-ci est le seul résultat proposé."
        },
        {
            "name": "buildInterface",
            "isPrivate": false,
            "param": [
                "entry",
                "load"
            ],
            "doc": "Méthode de construction de l'affichage du résultat de recherche.\nElle est appelée automatiquement à chaque fois qu'une recherche est lancée."
        }
    ],
    "doc": "L'objet AutoCompleteKeyValue est une extension de l'objet AutoComplete.\nIl permet d'effectuer des recherche sur des couples clé/valeur, valeur qui fait aussi office de libellé affiché."
}