{
    "type": "guiComponent",
    "name": "Button",
    "attributes": [
        {
            "name": "label",
            "default": "",
            "type": "string",
            "isConstructorParam": true,
            "doc": "Libellé du bouton."
        },
        {
            "name": "labelToDisplay",
            "default": "dataManager.encodeHTMLEntities(label)",
            "type": "string",
            "isConstructorParam": false,
            "doc": "Libellé affiché du bouton avec suppression des entités HTML."
        },
        {
            "name": "enable",
            "default": "true",
            "type": "boolean",
            "isConstructorParam": false,
            "doc": "Indique si le bouton est actif (true) ou non (false). \nPar défaut, cet attribut vaut true."
        }
    ],
    "methods": [
        {
            "name": "onAction",
            "isPrivate": false,
            "param": [
                "value"
            ],
            "doc": "Méthode à redéfinir une fois qu'on a créé un objet Button. \nIl s'agit de l'action déclenchée lorsque l'on clique sur le bouton."
        },
        {
            "name": "onClick",
            "isPrivate": false,
            "param": [
                "event"
            ],
            "doc": "Méthode déclenchée lorsque l'on clique sur le bouton. \nSi celui-ci est actif, elle appelle la méthode onAction."
        }
    ],
    "children": [
        {
            "type": "button",
            "attributes": [
                {
                    "name": "id",
                    "value": ""
                },
                {
                    "name": "class",
                    "value": "button"
                }
            ],
            "textNodeContent": "",
            "componentVariableName": "",
            "properties": [],
            "children": [
                {
                    "type": "textNode",
                    "attributes": [
                        {
                            "name": "id",
                            "value": ""
                        },
                        {
                            "name": "class",
                            "value": ""
                        }
                    ],
                    "textNodeContent": "labelToDisplay",
                    "componentVariableName": "",
                    "properties": [],
                    "children": []
                }
            ]
        }
    ],
    "doc": "Objet bouton. "
}