{
    "type": "guiComponent",
    "name": "CheckBox",
    "attributes": [
        {
            "name": "checked",
            "default": "",
            "type": "boolean",
            "isConstructorParam": true,
            "doc": "Indique si la case est cochée ou non."
        },
        {
            "name": "size",
            "default": "",
            "type": "number",
            "isConstructorParam": true,
            "doc": "Paramètre permettent de définir la taille de la case à cocher. "
        },
        {
            "name": "readonly",
            "default": "false",
            "type": "boolean",
            "isConstructorParam": false,
            "doc": "Indique si la case à cocher est en lecture seule (true) ou non (false).\nValeur par défaut : false"
        },
        {
            "name": "iconSize",
            "default": "20.0*size/25.0",
            "type": "number",
            "isConstructorParam": false,
            "doc": "Taille de l'icône qui apparait lorsque la case est cochée.\nLa valeur est calculée automatiquement en fonction de la taille (size) de la case à cocher."
        },
        {
            "name": "maginSize",
            "default": "(size-iconSize)/2.0",
            "type": "number",
            "isConstructorParam": false,
            "doc": "Taille de la marge autour de l'icône qui apparait lorsque la case est cochée.\nLa valeur est calculée automatiquement en fonction de la taille (size) de la case à cocher et de la taille de l'icône (iconSize)."
        },
        {
            "name": "checkIcon",
            "default": "Loader.getSVG('icons', 'check-icon', iconSize, iconSize)",
            "type": "object",
            "isConstructorParam": false,
            "doc": "Icône qui apparait lorsque la case est cochée.\nC'est un noeud SVG."
        }
    ],
    "methods": [
        {
            "name": "updateCheckIcon",
            "isPrivate": true,
            "param": [],
            "doc": "Affiche l'icône checkIcon si checked vaut true, la masque sinon.\nCette méthode est appelée à chaque fois que l'état de la case à cocher change, soit par un clic soit quand la valeur de checked est forcée avec setChecked."
        },
        {
            "name": "onChange",
            "isPrivate": false,
            "param": [
                "checked"
            ],
            "doc": "Méthode à redéfinir lorsque l'on crée un objet CheckBox.\nElle est appelée à chaque fois que l'on clique sur la case à cocher."
        }
    ],
    "children": [
        {
            "type": "div",
            "attributes": [
                {
                    "name": "id",
                    "value": ""
                },
                {
                    "name": "class",
                    "value": "checkBox"
                }
            ],
            "textNodeContent": "",
            "componentVariableName": "",
            "properties": [],
            "children": [
                {
                    "type": "div",
                    "attributes": [
                        {
                            "name": "id",
                            "value": "inner"
                        },
                        {
                            "name": "class",
                            "value": "inner"
                        },
                        {
                            "name": "style",
                            "value": "min-width: ' + size + 'px; width: ' + size + 'px; height: ' + size + 'px; text-align: center;"
                        }
                    ],
                    "textNodeContent": "",
                    "componentVariableName": "",
                    "properties": [],
                    "children": [
                        {
                            "type": "div",
                            "attributes": [
                                {
                                    "name": "id",
                                    "value": ""
                                },
                                {
                                    "name": "class",
                                    "value": "wall"
                                }
                            ],
                            "textNodeContent": "",
                            "componentVariableName": "",
                            "properties": [],
                            "children": []
                        }
                    ]
                }
            ]
        }
    ],
    "doc": "L'objet CheckBox propose une case à cocher personnalisable."
}