{
    "type": "guiComponent",
    "name": "ConfirmPopup",
    "attributes": [
        {
            "name": "content",
            "default": "",
            "type": "string",
            "isConstructorParam": true,
            "doc": "Code HTML du contenu de la popup."
        },
        {
            "name": "yesNo",
            "default": "",
            "type": "boolean",
            "isConstructorParam": true,
            "doc": "Indique si les libellés affichés des boutons sont \"oui\" et \"non\" (true) où \"Ok\" et \"Annuler\" (false)."
        }
    ],
    "methods": [
        {
            "name": "onCancel",
            "isPrivate": false,
            "param": [],
            "doc": "Méthode à redéfinir lorsque l'on crée un objet ConfirmPopup.\nEst appelée lorsque l'on clique sur \"Annuler\" (ou \"Non\") ou lorsque l'on ferme la fenêtre."
        },
        {
            "name": "onOk",
            "isPrivate": false,
            "param": [],
            "doc": "Méthode à redéfinir lorsque l'on crée un objet ConfirmPopup.\nEst appelée lorsque l'on clique sur \"Ok\" (ou \"Oui\")."
        },
        {
            "name": "setCancelLabel",
            "isPrivate": false,
            "param": [
                "cancelLabel"
            ],
            "doc": "Change le libellé affiché du bouton d'annulation. \nLe paramètre $cancelLabel est le nouveau libellé à afficher."
        },
        {
            "name": "setOkLabel",
            "isPrivate": false,
            "param": [
                "okLabel"
            ],
            "doc": "Change le libellé affiché du bouton de confirmation. \nLe paramètre $okLabel est le nouveau libellé à afficher."
        }
    ],
    "children": [
        {
            "type": "div",
            "attributes": [
                {
                    "name": "id",
                    "value": ""
                },
                {
                    "name": "class",
                    "value": "confirmBlock"
                }
            ],
            "textNodeContent": "",
            "componentVariableName": "",
            "properties": [],
            "children": [
                {
                    "type": "div",
                    "attributes": [
                        {
                            "name": "id",
                            "value": "confirmContent"
                        },
                        {
                            "name": "class",
                            "value": "confirmContent"
                        }
                    ],
                    "textNodeContent": "",
                    "componentVariableName": "",
                    "properties": [],
                    "children": [
                        {
                            "type": "textNode",
                            "attributes": [
                                {
                                    "name": "id",
                                    "value": ""
                                },
                                {
                                    "name": "class",
                                    "value": ""
                                }
                            ],
                            "textNodeContent": "content",
                            "componentVariableName": "",
                            "properties": [],
                            "children": []
                        }
                    ]
                },
                {
                    "type": "div",
                    "attributes": [
                        {
                            "name": "id",
                            "value": "confirmButtons"
                        },
                        {
                            "name": "class",
                            "value": "confirmButtons"
                        }
                    ],
                    "textNodeContent": "",
                    "componentVariableName": "",
                    "properties": [],
                    "children": [
                        {
                            "type": "input",
                            "attributes": [
                                {
                                    "name": "id",
                                    "value": "cancel"
                                },
                                {
                                    "name": "class",
                                    "value": "cancel"
                                },
                                {
                                    "name": "type",
                                    "value": "button"
                                },
                                {
                                    "name": "value",
                                    "value": "' + KEYWORDS.cancel + '"
                                }
                            ],
                            "textNodeContent": "",
                            "componentVariableName": "",
                            "properties": [],
                            "children": []
                        },
                        {
                            "type": "input",
                            "attributes": [
                                {
                                    "name": "id",
                                    "value": "ok"
                                },
                                {
                                    "name": "class",
                                    "value": "ok"
                                },
                                {
                                    "name": "type",
                                    "value": "button"
                                },
                                {
                                    "name": "value",
                                    "value": "' + KEYWORDS.ok + '"
                                }
                            ],
                            "textNodeContent": "",
                            "componentVariableName": "",
                            "properties": [],
                            "children": []
                        }
                    ]
                }
            ]
        }
    ],
    "doc": "L'objet ConfirmPopup permet d'afficher des boîtes de dialogue qui peuvent aller du simple message demandant à confirmer une action au formulaire complexe."
}