{
    "type": "guiComponent",
    "name": "ContentEditable",
    "attributes": [
        {
            "name": "bold",
            "default": "true",
            "type": "boolean",
            "isConstructorParam": false,
            "doc": "Booléen qui indique si on autorise (true) le support du style gras ou non (false)."
        },
        {
            "name": "italic",
            "default": "true",
            "type": "boolean",
            "isConstructorParam": false,
            "doc": "Booléen qui indique si on autorise (true) le support du style italique ou non (false)."
        },
        {
            "name": "underline",
            "default": "true",
            "type": "boolean",
            "isConstructorParam": false,
            "doc": "Booléen qui indique si on autorise (true) le support du style souligné ou non (false)."
        },
        {
            "name": "strike",
            "default": "true",
            "type": "boolean",
            "isConstructorParam": false,
            "doc": "Booléen qui indique si on autorise (true) le support du style barré ou non (false)."
        },
        {
            "name": "fontSize",
            "default": "true",
            "type": "boolean",
            "isConstructorParam": false,
            "doc": "Booléen qui indique si on autorise (true) le support de la taille de la police ou non (false)."
        },
        {
            "name": "title",
            "default": "true",
            "type": "boolean",
            "isConstructorParam": false,
            "doc": "Booléen qui indique si on autorise (true) le support des titrailles ou non (false)."
        },
        {
            "name": "textColor",
            "default": "true",
            "type": "boolean",
            "isConstructorParam": false,
            "doc": "Booléen qui indique si on autorise (true) le support de la couleur ou non (false)."
        },
        {
            "name": "font",
            "default": "true",
            "type": "boolean",
            "isConstructorParam": false,
            "doc": "Booléen qui indique si on autorise (true) le support de la police de caractères ou non (false)."
        },
        {
            "name": "quote",
            "default": "true",
            "type": "boolean",
            "isConstructorParam": false,
            "doc": "Booléen qui indique si on autorise (true) le support des blocs de citation ou non (false)."
        },
        {
            "name": "code",
            "default": "true",
            "type": "boolean",
            "isConstructorParam": false,
            "doc": "Booléen qui indique si on autorise (true) le support des blocs de code ou non (false)."
        },
        {
            "name": "align",
            "default": "true",
            "type": "boolean",
            "isConstructorParam": false,
            "doc": "Booléen qui indique si on autorise (true) le support de l'alignement du texte ou non (false)."
        },
        {
            "name": "lists",
            "default": "true",
            "type": "boolean",
            "isConstructorParam": false,
            "doc": "Booléen qui indique si on autorise (true) le support des listes ou non (false)."
        },
        {
            "name": "tables",
            "default": "true",
            "type": "boolean",
            "isConstructorParam": false,
            "doc": "Booléen qui indique si on autorise (true) le support des tableaux ou non (false)."
        },
        {
            "name": "links",
            "default": "true",
            "type": "boolean",
            "isConstructorParam": false,
            "doc": "Booléen qui indique si on autorise (true) le support des liens ou non (false)."
        },
        {
            "name": "images",
            "default": "true",
            "type": "boolean",
            "isConstructorParam": false,
            "doc": "Booléen qui indique si on autorise (true) le support des images ou non (false)."
        },
        {
            "name": "addAnchor",
            "default": "false",
            "type": "boolean",
            "isConstructorParam": false,
            "doc": "Booléen qui indique si on autorise (true) le support des ancres ou non (false)."
        },
        {
            "name": "keepBR",
            "default": "false",
            "type": "boolean",
            "isConstructorParam": false,
            "doc": "Booléen qui indique si on conserve tous les sauts de ligne entrés par l'utilisateur (true) ou si on réduit tous les doublons de saut de ligne à un seul (false)."
        },
        {
            "name": "defaultColor",
            "default": "'rgb(0, 0, 0)'",
            "type": "string",
            "isConstructorParam": false,
            "doc": "Indique la couleur par défaut du texte.\nPas utilisé actuellement."
        },
        {
            "name": "colorsList",
            "default": "",
            "type": "array",
            "isConstructorParam": false,
            "doc": "Liste des couleurs disponible pour mettre de la couleur dans le texte.\nSi cette liste est vide, l'utilisateur pourra sélectionner n'importe quelle couleur avec le ColorPicker. \nSi cette liste n'est pas vide, c'est une palette avec les couleurs listées ici qui lui sera proposée."
        },
        {
            "name": "fontList",
            "default": "",
            "type": "array",
            "isConstructorParam": false,
            "doc": "Liste des polices de caractères disponibles si le support des polices est activé. \nCette liste comporte 6 polices par défaut. "
        },
        {
            "name": "languagesList",
            "default": "",
            "type": "array",
            "isConstructorParam": false,
            "doc": "Liste des langages de programmation disponibles pour les blocs de code."
        },
        {
            "name": "imagesUploadModes",
            "default": "",
            "type": "object",
            "isConstructorParam": false,
            "doc": "Tableau associatif de paramétrage des modes possible d'insertion d'une image : avec une url externe ou en uploadant l'image sur le serveur."
        },
        {
            "name": "imagesLibraryConfig",
            "default": "",
            "type": "object",
            "isConstructorParam": false,
            "doc": "Tableau associatif de configuration des URL pour communiquer avec la bibliothèque d'images du serveur."
        },
        {
            "name": "imgSecureURL",
            "default": "",
            "type": "string",
            "isConstructorParam": false,
            "doc": "URL d'accès sécurisé aux images pour empêcher les visiteurs qui lisent le contenu d'avoir un accès direct aux images. "
        },
        {
            "name": "detectCaretStr",
            "default": "ChaineDeCaracteresAlaConQuePersonneNeTaperaJamais",
            "type": "string",
            "isConstructorParam": false,
            "doc": "Chaîne de caractères à insérer dans le texte pour retrouver la position du curseur."
        },
        {
            "name": "undoIcon",
            "default": "Loader.getSVG('icons', 'undo-icon', 16, 16)",
            "type": "object",
            "isConstructorParam": false,
            "doc": "Icône d'annulation.\nC'est un noeud SVG."
        },
        {
            "name": "redoIcon",
            "default": "Loader.getSVG('icons', 'redo-icon', 16, 16)",
            "type": "object",
            "isConstructorParam": false,
            "doc": "Icône de rétablissement.\nC'est un noeud SVG."
        },
        {
            "name": "fontSizeIcon",
            "default": "Loader.getSVG('icons', 'font-size-icon', 16, 16)",
            "type": "object",
            "isConstructorParam": false,
            "doc": "Icône de sélection de la taille du texte.\nC'est un noeud SVG."
        },
        {
            "name": "textColorIcon",
            "default": "Loader.getSVG('icons', 'text-color-icon', 16, 16)",
            "type": "object",
            "isConstructorParam": false,
            "doc": "Icône de sélection de la couleur du texte.\nC'est un noeud SVG."
        },
        {
            "name": "alignLeftIcon",
            "default": "Loader.getSVG('icons', 'align-left-icon', 16, 16)",
            "type": "object",
            "isConstructorParam": false,
            "doc": "Icône d'alignement du texte à gauche.\nC'est un noeud SVG."
        },
        {
            "name": "alignCenterIcon",
            "default": "Loader.getSVG('icons', 'align-center-icon', 16, 16)",
            "type": "object",
            "isConstructorParam": false,
            "doc": "Icône d'alignement du texte au centre.\nC'est un noeud SVG."
        },
        {
            "name": "alignRightIcon",
            "default": "Loader.getSVG('icons', 'align-right-icon', 16, 16)",
            "type": "object",
            "isConstructorParam": false,
            "doc": "Icône d'alignement du texte à droite.\nC'est un noeud SVG."
        },
        {
            "name": "alignJustifyIcon",
            "default": "Loader.getSVG('icons', 'align-justify-icon', 16, 16)",
            "type": "object",
            "isConstructorParam": false,
            "doc": "Icône de justification du texte.\nC'est un noeud SVG."
        },
        {
            "name": "unorderListIcon",
            "default": "Loader.getSVG('icons', 'unorder-list-icon', 16, 16)",
            "type": "object",
            "isConstructorParam": false,
            "doc": "Icône d'insertion de liste non ordonnée.\nC'est un noeud SVG."
        },
        {
            "name": "orderListIcon",
            "default": "Loader.getSVG('icons', 'order-list-icon', 16, 16)",
            "type": "object",
            "isConstructorParam": false,
            "doc": "Icône d'insertion de liste ordonnée.\nC'est un noeud SVG."
        },
        {
            "name": "tableIcon",
            "default": "Loader.getSVG('icons', 'table-icon', 16, 16)",
            "type": "object",
            "isConstructorParam": false,
            "doc": "Icône d'insertion de tableau.\nC'est un noeud SVG."
        },
        {
            "name": "urlIcon",
            "default": "Loader.getSVG('icons', 'url-icon', 16, 16)",
            "type": "object",
            "isConstructorParam": false,
            "doc": "Icône d'insertion de lien.\nC'est un noeud SVG."
        },
        {
            "name": "imgIcon",
            "default": "Loader.getSVG('icons', 'picture-icon', 16, 16)",
            "type": "object",
            "isConstructorParam": false,
            "doc": "Icône d'insertion d'image.\nC'est un noeud SVG."
        },
        {
            "name": "removeTextFormatIcon",
            "default": "Loader.getSVG('icons', 'remove-text-format-icon', 16, 16)",
            "type": "object",
            "isConstructorParam": false,
            "doc": "Icône de suppression du style.\nC'est un noeud SVG."
        },
        {
            "name": "htmlContent",
            "default": "",
            "type": "string",
            "isConstructorParam": false,
            "doc": "Code HTML du contenu de la zone de saisie."
        },
        {
            "name": "bbContent",
            "default": "",
            "type": "string",
            "isConstructorParam": false,
            "doc": "BB Code du contenu de la zone de saisie."
        },
        {
            "name": "selection",
            "default": "",
            "type": "null",
            "isConstructorParam": false,
            "doc": "Attribut de mémorisation de la sélection de texte."
        },
        {
            "name": "caretPosition",
            "default": "{ node: component.getById('editor'), offset: 0 }",
            "type": "object",
            "isConstructorParam": false,
            "doc": "Attribut de mémorisation de la position du curseur dans la zone de saisie."
        },
        {
            "name": "changeDate",
            "default": "",
            "type": "date",
            "isConstructorParam": false,
            "doc": "Date de dernière modification du contenu de la zone de saisie."
        },
        {
            "name": "changeTimer",
            "default": "",
            "type": "null",
            "isConstructorParam": false,
            "doc": "Timer qui attend qu'une saisie soit terminée avant de déclencher toutes les méthodes de mise à jour."
        },
        {
            "name": "arrowDate",
            "default": "",
            "type": "date",
            "isConstructorParam": false,
            "doc": ""
        },
        {
            "name": "arrowTimer",
            "default": "",
            "type": "null",
            "isConstructorParam": false,
            "doc": ""
        },
        {
            "name": "history",
            "default": "",
            "type": "array",
            "isConstructorParam": false,
            "doc": "Tableau mémorisant l'historique des actions de l'utilisateur pour pouvoir gérer les commandes \"Annuler\" et \"Rétablir\"."
        },
        {
            "name": "historyIndex",
            "default": "0",
            "type": "number",
            "isConstructorParam": false,
            "doc": "Mémorise à quel étape de l'historique l'utilisateur est remonté."
        },
        {
            "name": "mode",
            "default": "wysiwyg",
            "type": "string",
            "isConstructorParam": false,
            "doc": "Mode de saisie : texte enrichi (wysiwyg) ou BB code (text)."
        },
        {
            "name": "currentCaretNode",
            "default": "",
            "type": "null",
            "isConstructorParam": false,
            "doc": "Noeud dans lequel se trouve le curseur actuellement."
        }
    ],
    "methods": [
        {
            "name": "saveSelection",
            "isPrivate": false,
            "param": [],
            "doc": "Mémorise la sélection de texte actuelle."
        },
        {
            "name": "restoreSelection",
            "isPrivate": false,
            "param": [
                "range"
            ],
            "doc": "Restaure la sélection de texte qui a été sauvegardée avec saveSelection."
        },
        {
            "name": "nextNode",
            "isPrivate": false,
            "param": [
                "node"
            ],
            "doc": "Retourne le noeud le noeud suivant le noeud passé en paramètre.\nEst utilisé pour lister les noeuds inclus dans une sélection de texte. "
        },
        {
            "name": "getSelectedNodes",
            "isPrivate": false,
            "param": [
                "range"
            ],
            "doc": "Retourne la liste des noeuds compris dans la sélection de texte passée en paramètre."
        },
        {
            "name": "isThereCodeOrQuoteTag",
            "isPrivate": false,
            "param": [],
            "doc": "Contrôle si la sélection courante contient ou se trouve dans un bloque de citation ou de code afin de bloquer l'application de style dans ces zones."
        },
        {
            "name": "getNbCharBeforeCaret",
            "isPrivate": false,
            "param": [
                "caretNode",
                "node"
            ],
            "doc": "Compte le nombre de caractères avant le curseur dans chacun des noeuds où il se trouve.\nEst utilisé dans getCaretPosition."
        },
        {
            "name": "getCaretPosition",
            "isPrivate": false,
            "param": [],
            "doc": "Retourne le nombre total de caractères se situant avant le curseur dans le texte."
        },
        {
            "name": "getNodeAtPosition",
            "isPrivate": false,
            "param": [
                "node",
                "offset",
                "position"
            ],
            "doc": "Retourne le noeud où se situerait le curseur s'il était positionné à la position passée en paramètre."
        },
        {
            "name": "getInsertNode",
            "isPrivate": false,
            "param": [
                "node"
            ],
            "doc": "Retourner le noeud où l'on a inséré la chaîne de sauvegarde de la position du curseur."
        },
        {
            "name": "restoreCaret",
            "isPrivate": false,
            "param": [
                "moveScroll"
            ],
            "doc": "Restaure la position du curseur."
        },
        {
            "name": "getConfig",
            "isPrivate": false,
            "param": [],
            "doc": "Retourne la liste des mises en formes supportées."
        },
        {
            "name": "updateBBCode",
            "isPrivate": false,
            "param": [],
            "doc": "Calcule le BB Code du contenu à partir du code HTML de la zone de saisie de texte enrichi."
        },
        {
            "name": "updateHTMLCode",
            "isPrivate": false,
            "param": [],
            "doc": "Calcule le code HTML du contenu à partir du BB Code de la zone de saisie en texte pur."
        },
        {
            "name": "updateCode",
            "isPrivate": false,
            "param": [],
            "doc": "Méthode de mise à jour du BB Code ou du code HTML. \nElle appelle updateHTMLCode lorsque le mode de saisie vaut \"text\", elle appelle updateBBCode sinon."
        },
        {
            "name": "makeImagesDraggable",
            "isPrivate": false,
            "param": [],
            "doc": "Pas implémenté."
        },
        {
            "name": "updateUndoRedoButtons",
            "isPrivate": true,
            "param": [],
            "doc": "Met à jour l'affichage des boutons d'annulation et de rétablissement selon que l'on puisse avancer ou reculer dans l'historique de saisie."
        },
        {
            "name": "cloneForHistory",
            "isPrivate": false,
            "param": [
                "node"
            ],
            "doc": "Clone un instantané du champ de saisie de texte enrichi pour l'ajouter à l'historique."
        },
        {
            "name": "cloneBBCodeForHistory",
            "isPrivate": false,
            "param": [],
            "doc": "Clone un instantané du champ de saisie en BB Code pour l'ajouter à l'historique."
        },
        {
            "name": "addToHistory",
            "isPrivate": false,
            "param": [],
            "doc": "Ajout de l'état en cours dans l'historique."
        },
        {
            "name": "updateCursorInHistory",
            "isPrivate": false,
            "param": [],
            "doc": "Charge l'état qui se situe à la position \"$index\" de l'historique."
        },
        {
            "name": "emptyHistoryFrom",
            "isPrivate": false,
            "param": [
                "index"
            ],
            "doc": "Efface l'historique au-delà de la position \"$index\"."
        },
        {
            "name": "emptyHistory",
            "isPrivate": false,
            "param": [],
            "doc": "Vide complètent l'historique."
        },
        {
            "name": "undo",
            "isPrivate": false,
            "param": [],
            "doc": "Reculer d'une étape dans l'historique."
        },
        {
            "name": "redo",
            "isPrivate": false,
            "param": [],
            "doc": "Avancer d'une étape dans l'historique."
        },
        {
            "name": "format",
            "isPrivate": false,
            "param": [
                "command",
                "param"
            ],
            "doc": "Pas encore implémenté.\nPour remplacer document.execCommand à l'avenir si cette méthode native venait à disparaître."
        },
        {
            "name": "surroundBBCodeWithTag",
            "isPrivate": true,
            "param": [
                "tagStart",
                "tagEnd"
            ],
            "doc": ""
        },
        {
            "name": "replaceBBCodeWidth",
            "isPrivate": true,
            "param": [
                "newStr"
            ],
            "doc": "Insère la balise de BB Code entrée dans la paramètre \"$tagStart\" avant le texte sélectionné et insère la balise de BB Code entrée dans le paramètre \"$tagEnd\" après le texte sélectionné dans le champ de saisie en texte pur."
        },
        {
            "name": "applyFontSize",
            "isPrivate": true,
            "param": [
                "size"
            ],
            "doc": "Applique la taille passée dans le paramètre \"$size\" au texte sélectionné."
        },
        {
            "name": "applyTitle",
            "isPrivate": true,
            "param": [
                "headTag"
            ],
            "doc": "Applique le format de titre passé dans le paramètre \"$headTag\" au texte sélectionné."
        },
        {
            "name": "applyColor",
            "isPrivate": true,
            "param": [
                "color"
            ],
            "doc": "Applique la couleur passée dans le paramètre \"$color\" au texte sélectionné."
        },
        {
            "name": "applyFont",
            "isPrivate": true,
            "param": [
                "fontName"
            ],
            "doc": "Applique la police passée dans le paramètre \"$fontName\" au texte sélectionné."
        },
        {
            "name": "insertCode",
            "isPrivate": true,
            "param": [
                "language"
            ],
            "doc": "Encadre le texte sélectionné dans un bloc de code.\nLe paramètre \"$language\" renseigne le langage du bloc de code pour le cas où la coloration syntaxique serait disponible."
        },
        {
            "name": "insertImage",
            "isPrivate": true,
            "param": [
                "url"
            ],
            "doc": "Insère une image dont l'url est passée dans le paramètre \"$url\"."
        },
        {
            "name": "openUrlPopup",
            "isPrivate": true,
            "param": [],
            "doc": "Ouvre une popup permettant de renseigner l'url du lien à insérer."
        },
        {
            "name": "initImagesLibrary",
            "isPrivate": true,
            "param": [],
            "doc": "Initialise la fenêtre de bibliothèque d'images."
        },
        {
            "name": "openImagesLibrary",
            "isPrivate": true,
            "param": [],
            "doc": "Affiche la fenêtre de la bibliothèque d'images."
        },
        {
            "name": "onFocus",
            "isPrivate": false,
            "param": [],
            "doc": "Méthode à redéfinir lors de la création d'une objet ContentEditable. \nElle est déclenchée lorsque l'on donne le focus au champ de saisie de texte enrichi ou au champ de saisie en texte pur. "
        },
        {
            "name": "onBlur",
            "isPrivate": false,
            "param": [],
            "doc": "Méthode à redéfinir lors de la création d'une objet ContentEditable. \nElle est déclenchée lorsque l'on enlève le focus au champ de saisie de texte enrichi ou au champ de saisie en texte pur. "
        },
        {
            "name": "onChange",
            "isPrivate": true,
            "param": [],
            "doc": "Méthode de mise à jour de l'historique et du code du contenu.\nElle est appelé à chaque fin de saisie."
        },
        {
            "name": "onChange",
            "isPrivate": false,
            "param": [],
            "doc": "Méthode à redéfinir lors de la création d'une objet ContentEditable. \nElle est appelée par la méthode privée \"onChange\"."
        },
        {
            "name": "onEditorChange",
            "isPrivate": true,
            "param": [],
            "doc": "Filtre les touches à prendre en compte lors d'une saisie dans le champ de texte enrichi ou le champ de texte pur et déclenche un timer qui attend que la saisie soit terminée pour appeler la méthode privée \"onChange\".\nElle est déclenchée à chaque fois que l'on enfonce ou relâche une touche dans le champ de saisie de texte enrichi ou dans le champ de saisie de texte pur."
        },
        {
            "name": "onKeyDown",
            "isPrivate": false,
            "param": [
                "event"
            ],
            "doc": "Contrôle et exécute les actions associées à des raccourcis lorsque l'on enfonce une touche."
        },
        {
            "name": "onUndo",
            "isPrivate": false,
            "param": [
                "event"
            ],
            "doc": "Redéfinit l'événement d'annulation."
        },
        {
            "name": "onRedo",
            "isPrivate": false,
            "param": [
                "event"
            ],
            "doc": "Redéfini l'événement de rétablissement."
        },
        {
            "name": "onPaste",
            "isPrivate": true,
            "param": [
                "event"
            ],
            "doc": "Filtre le contenu que l'on tente de coller dans le champ de saisie de texte enrichi."
        },
        {
            "name": "onRemove",
            "isPrivate": false,
            "param": [],
            "doc": "Suppression des événements lorsque l'objet ContentEditable est décroché du DOM."
        }
    ],
    "children": [
        {
            "type": "div",
            "attributes": [
                {
                    "name": "id",
                    "value": ""
                },
                {
                    "name": "class",
                    "value": "contentEditable"
                }
            ],
            "textNodeContent": "",
            "componentVariableName": "",
            "properties": [],
            "children": [
                {
                    "type": "div",
                    "attributes": [
                        {
                            "name": "id",
                            "value": "buttons"
                        },
                        {
                            "name": "class",
                            "value": "buttons"
                        }
                    ],
                    "textNodeContent": "",
                    "componentVariableName": "",
                    "properties": [],
                    "children": [
                        {
                            "type": "div",
                            "attributes": [
                                {
                                    "name": "id",
                                    "value": ""
                                },
                                {
                                    "name": "class",
                                    "value": "buttonsSubBlock"
                                }
                            ],
                            "textNodeContent": "",
                            "componentVariableName": "",
                            "properties": [],
                            "children": [
                                {
                                    "type": "p",
                                    "attributes": [
                                        {
                                            "name": "id",
                                            "value": "undoRedo"
                                        },
                                        {
                                            "name": "class",
                                            "value": "undoRedo"
                                        }
                                    ],
                                    "textNodeContent": "",
                                    "componentVariableName": "",
                                    "properties": [],
                                    "children": [
                                        {
                                            "type": "a",
                                            "attributes": [
                                                {
                                                    "name": "id",
                                                    "value": "undo"
                                                },
                                                {
                                                    "name": "class",
                                                    "value": ""
                                                }
                                            ],
                                            "textNodeContent": "",
                                            "componentVariableName": "",
                                            "properties": [],
                                            "children": []
                                        },
                                        {
                                            "type": "a",
                                            "attributes": [
                                                {
                                                    "name": "id",
                                                    "value": "redo"
                                                },
                                                {
                                                    "name": "class",
                                                    "value": ""
                                                }
                                            ],
                                            "textNodeContent": "",
                                            "componentVariableName": "",
                                            "properties": [],
                                            "children": []
                                        },
                                        {
                                            "type": "div",
                                            "attributes": [
                                                {
                                                    "name": "id",
                                                    "value": ""
                                                },
                                                {
                                                    "name": "class",
                                                    "value": "wall"
                                                }
                                            ],
                                            "textNodeContent": "",
                                            "componentVariableName": "",
                                            "properties": [],
                                            "children": []
                                        }
                                    ]
                                },
                                {
                                    "type": "p",
                                    "attributes": [
                                        {
                                            "name": "id",
                                            "value": "format"
                                        },
                                        {
                                            "name": "class",
                                            "value": "format"
                                        }
                                    ],
                                    "textNodeContent": "",
                                    "componentVariableName": "",
                                    "properties": [],
                                    "children": [
                                        {
                                            "type": "a",
                                            "attributes": [
                                                {
                                                    "name": "id",
                                                    "value": "bold"
                                                },
                                                {
                                                    "name": "class",
                                                    "value": ""
                                                },
                                                {
                                                    "name": "style",
                                                    "value": "font-weight: bold; "
                                                }
                                            ],
                                            "textNodeContent": "",
                                            "componentVariableName": "",
                                            "properties": [],
                                            "children": [
                                                {
                                                    "type": "textNode",
                                                    "attributes": [
                                                        {
                                                            "name": "id",
                                                            "value": ""
                                                        },
                                                        {
                                                            "name": "class",
                                                            "value": ""
                                                        }
                                                    ],
                                                    "textNodeContent": "B",
                                                    "componentVariableName": "",
                                                    "properties": [],
                                                    "children": []
                                                }
                                            ]
                                        },
                                        {
                                            "type": "a",
                                            "attributes": [
                                                {
                                                    "name": "id",
                                                    "value": "italic"
                                                },
                                                {
                                                    "name": "class",
                                                    "value": ""
                                                },
                                                {
                                                    "name": "style",
                                                    "value": "font-style: italic; "
                                                }
                                            ],
                                            "textNodeContent": "",
                                            "componentVariableName": "",
                                            "properties": [],
                                            "children": [
                                                {
                                                    "type": "textNode",
                                                    "attributes": [
                                                        {
                                                            "name": "id",
                                                            "value": ""
                                                        },
                                                        {
                                                            "name": "class",
                                                            "value": ""
                                                        }
                                                    ],
                                                    "textNodeContent": "I",
                                                    "componentVariableName": "",
                                                    "properties": [],
                                                    "children": []
                                                }
                                            ]
                                        },
                                        {
                                            "type": "a",
                                            "attributes": [
                                                {
                                                    "name": "id",
                                                    "value": "underline"
                                                },
                                                {
                                                    "name": "class",
                                                    "value": ""
                                                },
                                                {
                                                    "name": "style",
                                                    "value": "text-decoration: underline; "
                                                }
                                            ],
                                            "textNodeContent": "",
                                            "componentVariableName": "",
                                            "properties": [],
                                            "children": [
                                                {
                                                    "type": "textNode",
                                                    "attributes": [
                                                        {
                                                            "name": "id",
                                                            "value": ""
                                                        },
                                                        {
                                                            "name": "class",
                                                            "value": ""
                                                        }
                                                    ],
                                                    "textNodeContent": "U",
                                                    "componentVariableName": "",
                                                    "properties": [],
                                                    "children": []
                                                }
                                            ]
                                        },
                                        {
                                            "type": "a",
                                            "attributes": [
                                                {
                                                    "name": "id",
                                                    "value": "strike"
                                                },
                                                {
                                                    "name": "class",
                                                    "value": ""
                                                },
                                                {
                                                    "name": "style",
                                                    "value": "text-decoration: line-through; "
                                                }
                                            ],
                                            "textNodeContent": "",
                                            "componentVariableName": "",
                                            "properties": [],
                                            "children": [
                                                {
                                                    "type": "textNode",
                                                    "attributes": [
                                                        {
                                                            "name": "id",
                                                            "value": ""
                                                        },
                                                        {
                                                            "name": "class",
                                                            "value": ""
                                                        }
                                                    ],
                                                    "textNodeContent": "S",
                                                    "componentVariableName": "",
                                                    "properties": [],
                                                    "children": []
                                                }
                                            ]
                                        },
                                        {
                                            "type": "a",
                                            "attributes": [
                                                {
                                                    "name": "id",
                                                    "value": "font-size"
                                                },
                                                {
                                                    "name": "class",
                                                    "value": ""
                                                }
                                            ],
                                            "textNodeContent": "",
                                            "componentVariableName": "",
                                            "properties": [],
                                            "children": []
                                        },
                                        {
                                            "type": "a",
                                            "attributes": [
                                                {
                                                    "name": "id",
                                                    "value": "title"
                                                },
                                                {
                                                    "name": "class",
                                                    "value": "title"
                                                }
                                            ],
                                            "textNodeContent": "",
                                            "componentVariableName": "",
                                            "properties": [],
                                            "children": [
                                                {
                                                    "type": "textNode",
                                                    "attributes": [
                                                        {
                                                            "name": "id",
                                                            "value": ""
                                                        },
                                                        {
                                                            "name": "class",
                                                            "value": ""
                                                        }
                                                    ],
                                                    "textNodeContent": "T",
                                                    "componentVariableName": "",
                                                    "properties": [],
                                                    "children": []
                                                }
                                            ]
                                        },
                                        {
                                            "type": "a",
                                            "attributes": [
                                                {
                                                    "name": "id",
                                                    "value": "text-color"
                                                },
                                                {
                                                    "name": "class",
                                                    "value": ""
                                                }
                                            ],
                                            "textNodeContent": "",
                                            "componentVariableName": "",
                                            "properties": [],
                                            "children": []
                                        },
                                        {
                                            "type": "a",
                                            "attributes": [
                                                {
                                                    "name": "id",
                                                    "value": "font"
                                                },
                                                {
                                                    "name": "class",
                                                    "value": "font"
                                                }
                                            ],
                                            "textNodeContent": "",
                                            "componentVariableName": "",
                                            "properties": [],
                                            "children": [
                                                {
                                                    "type": "textNode",
                                                    "attributes": [
                                                        {
                                                            "name": "id",
                                                            "value": ""
                                                        },
                                                        {
                                                            "name": "class",
                                                            "value": ""
                                                        }
                                                    ],
                                                    "textNodeContent": "F",
                                                    "componentVariableName": "",
                                                    "properties": [],
                                                    "children": []
                                                }
                                            ]
                                        },
                                        {
                                            "type": "div",
                                            "attributes": [
                                                {
                                                    "name": "id",
                                                    "value": ""
                                                },
                                                {
                                                    "name": "class",
                                                    "value": "wall"
                                                }
                                            ],
                                            "textNodeContent": "",
                                            "componentVariableName": "",
                                            "properties": [],
                                            "children": []
                                        }
                                    ]
                                },
                                {
                                    "type": "p",
                                    "attributes": [
                                        {
                                            "name": "id",
                                            "value": "block"
                                        },
                                        {
                                            "name": "class",
                                            "value": "block"
                                        }
                                    ],
                                    "textNodeContent": "",
                                    "componentVariableName": "",
                                    "properties": [],
                                    "children": [
                                        {
                                            "type": "a",
                                            "attributes": [
                                                {
                                                    "name": "id",
                                                    "value": "quote"
                                                },
                                                {
                                                    "name": "class",
                                                    "value": ""
                                                }
                                            ],
                                            "textNodeContent": "",
                                            "componentVariableName": "",
                                            "properties": [],
                                            "children": [
                                                {
                                                    "type": "textNode",
                                                    "attributes": [
                                                        {
                                                            "name": "id",
                                                            "value": ""
                                                        },
                                                        {
                                                            "name": "class",
                                                            "value": ""
                                                        }
                                                    ],
                                                    "textNodeContent": "“…”",
                                                    "componentVariableName": "",
                                                    "properties": [],
                                                    "children": []
                                                }
                                            ]
                                        },
                                        {
                                            "type": "a",
                                            "attributes": [
                                                {
                                                    "name": "id",
                                                    "value": "code"
                                                },
                                                {
                                                    "name": "class",
                                                    "value": ""
                                                }
                                            ],
                                            "textNodeContent": "",
                                            "componentVariableName": "",
                                            "properties": [],
                                            "children": [
                                                {
                                                    "type": "textNode",
                                                    "attributes": [
                                                        {
                                                            "name": "id",
                                                            "value": ""
                                                        },
                                                        {
                                                            "name": "class",
                                                            "value": ""
                                                        }
                                                    ],
                                                    "textNodeContent": "</>",
                                                    "componentVariableName": "",
                                                    "properties": [],
                                                    "children": []
                                                }
                                            ]
                                        },
                                        {
                                            "type": "div",
                                            "attributes": [
                                                {
                                                    "name": "id",
                                                    "value": ""
                                                },
                                                {
                                                    "name": "class",
                                                    "value": "wall"
                                                }
                                            ],
                                            "textNodeContent": "",
                                            "componentVariableName": "",
                                            "properties": [],
                                            "children": []
                                        }
                                    ]
                                },
                                {
                                    "type": "p",
                                    "attributes": [
                                        {
                                            "name": "id",
                                            "value": "align"
                                        },
                                        {
                                            "name": "class",
                                            "value": "align"
                                        }
                                    ],
                                    "textNodeContent": "",
                                    "componentVariableName": "",
                                    "properties": [],
                                    "children": [
                                        {
                                            "type": "a",
                                            "attributes": [
                                                {
                                                    "name": "id",
                                                    "value": "align-left"
                                                },
                                                {
                                                    "name": "class",
                                                    "value": ""
                                                }
                                            ],
                                            "textNodeContent": "",
                                            "componentVariableName": "",
                                            "properties": [],
                                            "children": []
                                        },
                                        {
                                            "type": "a",
                                            "attributes": [
                                                {
                                                    "name": "id",
                                                    "value": "align-center"
                                                },
                                                {
                                                    "name": "class",
                                                    "value": ""
                                                }
                                            ],
                                            "textNodeContent": "",
                                            "componentVariableName": "",
                                            "properties": [],
                                            "children": []
                                        },
                                        {
                                            "type": "a",
                                            "attributes": [
                                                {
                                                    "name": "id",
                                                    "value": "align-right"
                                                },
                                                {
                                                    "name": "class",
                                                    "value": ""
                                                }
                                            ],
                                            "textNodeContent": "",
                                            "componentVariableName": "",
                                            "properties": [],
                                            "children": []
                                        },
                                        {
                                            "type": "a",
                                            "attributes": [
                                                {
                                                    "name": "id",
                                                    "value": "align-justify"
                                                },
                                                {
                                                    "name": "class",
                                                    "value": ""
                                                }
                                            ],
                                            "textNodeContent": "",
                                            "componentVariableName": "",
                                            "properties": [],
                                            "children": []
                                        },
                                        {
                                            "type": "div",
                                            "attributes": [
                                                {
                                                    "name": "id",
                                                    "value": ""
                                                },
                                                {
                                                    "name": "class",
                                                    "value": "wall"
                                                }
                                            ],
                                            "textNodeContent": "",
                                            "componentVariableName": "",
                                            "properties": [],
                                            "children": []
                                        }
                                    ]
                                },
                                {
                                    "type": "p",
                                    "attributes": [
                                        {
                                            "name": "id",
                                            "value": "list"
                                        },
                                        {
                                            "name": "class",
                                            "value": "list"
                                        }
                                    ],
                                    "textNodeContent": "",
                                    "componentVariableName": "",
                                    "properties": [],
                                    "children": [
                                        {
                                            "type": "a",
                                            "attributes": [
                                                {
                                                    "name": "id",
                                                    "value": "unorder-list"
                                                },
                                                {
                                                    "name": "class",
                                                    "value": ""
                                                }
                                            ],
                                            "textNodeContent": "",
                                            "componentVariableName": "",
                                            "properties": [],
                                            "children": []
                                        },
                                        {
                                            "type": "a",
                                            "attributes": [
                                                {
                                                    "name": "id",
                                                    "value": "order-list"
                                                },
                                                {
                                                    "name": "class",
                                                    "value": ""
                                                }
                                            ],
                                            "textNodeContent": "",
                                            "componentVariableName": "",
                                            "properties": [],
                                            "children": []
                                        },
                                        {
                                            "type": "a",
                                            "attributes": [
                                                {
                                                    "name": "id",
                                                    "value": "table"
                                                },
                                                {
                                                    "name": "class",
                                                    "value": ""
                                                }
                                            ],
                                            "textNodeContent": "",
                                            "componentVariableName": "",
                                            "properties": [],
                                            "children": []
                                        },
                                        {
                                            "type": "div",
                                            "attributes": [
                                                {
                                                    "name": "id",
                                                    "value": ""
                                                },
                                                {
                                                    "name": "class",
                                                    "value": "wall"
                                                }
                                            ],
                                            "textNodeContent": "",
                                            "componentVariableName": "",
                                            "properties": [],
                                            "children": []
                                        }
                                    ]
                                },
                                {
                                    "type": "p",
                                    "attributes": [
                                        {
                                            "name": "id",
                                            "value": "links"
                                        },
                                        {
                                            "name": "class",
                                            "value": "links"
                                        }
                                    ],
                                    "textNodeContent": "",
                                    "componentVariableName": "",
                                    "properties": [],
                                    "children": [
                                        {
                                            "type": "a",
                                            "attributes": [
                                                {
                                                    "name": "id",
                                                    "value": "url"
                                                },
                                                {
                                                    "name": "class",
                                                    "value": ""
                                                }
                                            ],
                                            "textNodeContent": "",
                                            "componentVariableName": "",
                                            "properties": [],
                                            "children": []
                                        },
                                        {
                                            "type": "a",
                                            "attributes": [
                                                {
                                                    "name": "id",
                                                    "value": "img"
                                                },
                                                {
                                                    "name": "class",
                                                    "value": ""
                                                }
                                            ],
                                            "textNodeContent": "",
                                            "componentVariableName": "",
                                            "properties": [],
                                            "children": []
                                        },
                                        {
                                            "type": "div",
                                            "attributes": [
                                                {
                                                    "name": "id",
                                                    "value": ""
                                                },
                                                {
                                                    "name": "class",
                                                    "value": "wall"
                                                }
                                            ],
                                            "textNodeContent": "",
                                            "componentVariableName": "",
                                            "properties": [],
                                            "children": []
                                        }
                                    ]
                                },
                                {
                                    "type": "p",
                                    "attributes": [
                                        {
                                            "name": "id",
                                            "value": "remove-format-block"
                                        },
                                        {
                                            "name": "class",
                                            "value": "remove-format-block"
                                        }
                                    ],
                                    "textNodeContent": "",
                                    "componentVariableName": "",
                                    "properties": [],
                                    "children": [
                                        {
                                            "type": "a",
                                            "attributes": [
                                                {
                                                    "name": "id",
                                                    "value": "remove-format"
                                                },
                                                {
                                                    "name": "class",
                                                    "value": ""
                                                }
                                            ],
                                            "textNodeContent": "",
                                            "componentVariableName": "",
                                            "properties": [],
                                            "children": []
                                        },
                                        {
                                            "type": "div",
                                            "attributes": [
                                                {
                                                    "name": "id",
                                                    "value": ""
                                                },
                                                {
                                                    "name": "class",
                                                    "value": "wall"
                                                }
                                            ],
                                            "textNodeContent": "",
                                            "componentVariableName": "",
                                            "properties": [],
                                            "children": []
                                        }
                                    ]
                                }
                            ]
                        }
                    ]
                },
                {
                    "type": "div",
                    "attributes": [
                        {
                            "name": "id",
                            "value": "editor"
                        },
                        {
                            "name": "class",
                            "value": "editor"
                        },
                        {
                            "name": "contenteditable",
                            "value": "true"
                        }
                    ],
                    "textNodeContent": "",
                    "componentVariableName": "",
                    "properties": [],
                    "children": []
                },
                {
                    "type": "textarea",
                    "attributes": [
                        {
                            "name": "id",
                            "value": "bbEditor"
                        },
                        {
                            "name": "class",
                            "value": "bbEditor"
                        }
                    ],
                    "textNodeContent": "",
                    "componentVariableName": "",
                    "properties": [],
                    "children": []
                }
            ]
        }
    ],
    "doc": "ContentEditable est un composent qui permet d'afficher une interface complète de saisie de texte enrichi.\nIl comporte 2 champs de saisie, l'un en wysiwyg l'autre en texte pur supportant le BB Code. L'un ou l'autre est affiché selon le mode de saisi sélectionné.\nLa barre de boutons de mise en forme est disponible dans les 2 modes.\nContentEditable propose aussi un système d'historique pour permettre l'annulation ou le rétablissement d'une saisie."
}