{
    "type": "guiComponent",
    "name": "ContextMenu",
    "attributes": [
        {
            "name": "mouseX",
            "default": "",
            "type": "number",
            "isConstructorParam": true,
            "doc": "Position de la souris en x au moment de la création du menu contextuel."
        },
        {
            "name": "mouseY",
            "default": "",
            "type": "number",
            "isConstructorParam": true,
            "doc": "Position de la souris en y au moment de la création du menu contextuel."
        },
        {
            "name": "elements",
            "default": "",
            "type": "list",
            "isConstructorParam": false,
            "doc": "Liste des items du menu contextuel."
        }
    ],
    "methods": [
        {
            "name": "update",
            "isPrivate": false,
            "param": [],
            "doc": "Méthode de mise à jour du positionnement du menu en selon qu'il dépasse de la fenêtre du navigateur ou non."
        },
        {
            "name": "openAll",
            "isPrivate": false,
            "param": [],
            "doc": "Ouvre tous les sous menu."
        },
        {
            "name": "closeAll",
            "isPrivate": false,
            "param": [],
            "doc": "Fermeture de tous les sous menus. "
        },
        {
            "name": "closeParent",
            "isPrivate": false,
            "param": [],
            "doc": "Décroche le menu contextuel du DOM."
        },
        {
            "name": "onCancel",
            "isPrivate": false,
            "param": [],
            "doc": "Méthode à redéfinir lorsque l'on crée un objet ContextMenu.\nElle est appelé lorsque l'on ferme le menu contextuel sans déclencher d'action."
        },
        {
            "name": "onClick",
            "isPrivate": false,
            "param": [],
            "doc": "Ferme le menu contextuel et déclenche la commande d'annulation."
        },
        {
            "name": "onContextMenu",
            "isPrivate": false,
            "param": [],
            "doc": "Ferme le menu contextuel et déclenche la commande d'annulation."
        }
    ],
    "children": [
        {
            "type": "div",
            "attributes": [
                {
                    "name": "id",
                    "value": ""
                },
                {
                    "name": "class",
                    "value": "contextMenu"
                }
            ],
            "textNodeContent": "",
            "componentVariableName": "",
            "properties": [],
            "children": [
                {
                    "type": "ul",
                    "attributes": [
                        {
                            "name": "id",
                            "value": "children-list"
                        },
                        {
                            "name": "class",
                            "value": "root-children-list"
                        }
                    ],
                    "textNodeContent": "",
                    "componentVariableName": "",
                    "properties": [],
                    "children": []
                }
            ]
        }
    ],
    "doc": "L'objet ContextMenu permet d'afficher un menu contextuel."
}