{
    "type": "guiComponent",
    "name": "HorizontalSlide",
    "attributes": [
        {
            "name": "leftPanel",
            "default": "",
            "type": "object",
            "isConstructorParam": true,
            "doc": ""
        },
        {
            "name": "rightPanel",
            "default": "",
            "type": "object",
            "isConstructorParam": true,
            "doc": ""
        },
        {
            "name": "minSize",
            "default": "",
            "type": "number",
            "isConstructorParam": true,
            "doc": ""
        },
        {
            "name": "moved",
            "default": "false",
            "type": "boolean",
            "isConstructorParam": false,
            "doc": ""
        },
        {
            "name": "dragging",
            "default": "false",
            "type": "boolean",
            "isConstructorParam": false,
            "doc": ""
        },
        {
            "name": "startX",
            "default": "0",
            "type": "number",
            "isConstructorParam": false,
            "doc": ""
        },
        {
            "name": "startY",
            "default": "0",
            "type": "number",
            "isConstructorParam": false,
            "doc": ""
        },
        {
            "name": "offsetX",
            "default": "0",
            "type": "number",
            "isConstructorParam": false,
            "doc": ""
        },
        {
            "name": "offsetY",
            "default": "0",
            "type": "number",
            "isConstructorParam": false,
            "doc": ""
        },
        {
            "name": "deltaLeft",
            "default": "0",
            "type": "number",
            "isConstructorParam": false,
            "doc": ""
        },
        {
            "name": "deltaRight",
            "default": "0",
            "type": "number",
            "isConstructorParam": false,
            "doc": ""
        }
    ],
    "methods": [
        {
            "name": "autoUpdate",
            "isPrivate": true,
            "param": [],
            "doc": ""
        },
        {
            "name": "onDrag",
            "isPrivate": false,
            "param": [],
            "doc": ""
        },
        {
            "name": "onMouseMove",
            "isPrivate": true,
            "param": [
                "event"
            ],
            "doc": ""
        },
        {
            "name": "onMouseUp",
            "isPrivate": true,
            "param": [
                "event"
            ],
            "doc": ""
        },
        {
            "name": "onResize",
            "isPrivate": false,
            "param": [],
            "doc": ""
        }
    ],
    "children": [
        {
            "type": "div",
            "attributes": [
                {
                    "name": "id",
                    "value": "horizontalSlide"
                },
                {
                    "name": "class",
                    "value": "horizontalSlide"
                }
            ],
            "textNodeContent": "",
            "componentVariableName": "",
            "properties": [],
            "children": [
                {
                    "type": "div",
                    "attributes": [
                        {
                            "name": "id",
                            "value": "slideButton"
                        },
                        {
                            "name": "class",
                            "value": "slideButton"
                        }
                    ],
                    "textNodeContent": "",
                    "componentVariableName": "",
                    "properties": [],
                    "children": []
                },
                {
                    "type": "div",
                    "attributes": [
                        {
                            "name": "id",
                            "value": ""
                        },
                        {
                            "name": "class",
                            "value": "wall"
                        }
                    ],
                    "textNodeContent": "",
                    "componentVariableName": "",
                    "properties": [],
                    "children": []
                }
            ]
        }
    ],
    "doc": ""
}