{
    "type": "guiComponent",
    "name": "InputFile",
    "attributes": [
        {
            "name": "accept",
            "default": "",
            "type": "string",
            "isConstructorParam": true,
            "doc": ""
        },
        {
            "name": "capture",
            "default": "",
            "type": "string",
            "isConstructorParam": true,
            "doc": ""
        },
        {
            "name": "placeholder",
            "default": "",
            "type": "string",
            "isConstructorParam": true,
            "doc": ""
        },
        {
            "name": "name",
            "default": "",
            "type": "string",
            "isConstructorParam": true,
            "doc": ""
        },
        {
            "name": "multiple",
            "default": "",
            "type": "boolean",
            "isConstructorParam": true,
            "doc": ""
        },
        {
            "name": "autoResize",
            "default": "",
            "type": "number",
            "isConstructorParam": true,
            "doc": ""
        },
        {
            "name": "readonly",
            "default": "false",
            "type": "boolean",
            "isConstructorParam": false,
            "doc": ""
        },
        {
            "name": "files",
            "default": "",
            "type": "array",
            "isConstructorParam": false,
            "doc": ""
        },
        {
            "name": "fileName",
            "default": "",
            "type": "string",
            "isConstructorParam": false,
            "doc": ""
        },
        {
            "name": "fileData",
            "default": "",
            "type": "string",
            "isConstructorParam": false,
            "doc": ""
        },
        {
            "name": "fileType",
            "default": "",
            "type": "string",
            "isConstructorParam": false,
            "doc": ""
        },
        {
            "name": "inputHTML",
            "default": "<input type=\"file\" id=\"input\" />",
            "type": "string",
            "isConstructorParam": false,
            "doc": ""
        },
        {
            "name": "pdfIcon",
            "default": "Loader.getSVG('icons', 'pdf-icon', 30, 30)",
            "type": "object",
            "isConstructorParam": false,
            "doc": ""
        }
    ],
    "methods": [
        {
            "name": "focus",
            "isPrivate": false,
            "param": [],
            "doc": ""
        },
        {
            "name": "blur",
            "isPrivate": false,
            "param": [],
            "doc": ""
        },
        {
            "name": "clear",
            "isPrivate": false,
            "param": [],
            "doc": ""
        },
        {
            "name": "updatePreview",
            "isPrivate": true,
            "param": [
                "url"
            ],
            "doc": ""
        },
        {
            "name": "resize",
            "isPrivate": true,
            "param": [],
            "doc": ""
        },
        {
            "name": "autoResize",
            "isPrivate": false,
            "param": [],
            "doc": ""
        },
        {
            "name": "onFocus",
            "isPrivate": false,
            "param": [],
            "doc": ""
        },
        {
            "name": "onChange",
            "isPrivate": false,
            "param": [],
            "doc": ""
        },
        {
            "name": "onBlur",
            "isPrivate": false,
            "param": [],
            "doc": ""
        },
        {
            "name": "onChange",
            "isPrivate": true,
            "param": [],
            "doc": ""
        },
        {
            "name": "remove",
            "isPrivate": false,
            "param": [],
            "doc": ""
        }
    ],
    "children": [
        {
            "type": "div",
            "attributes": [
                {
                    "name": "id",
                    "value": ""
                },
                {
                    "name": "class",
                    "value": "inputFile"
                }
            ],
            "textNodeContent": "",
            "componentVariableName": "",
            "properties": [],
            "children": [
                {
                    "type": "div",
                    "attributes": [
                        {
                            "name": "id",
                            "value": ""
                        },
                        {
                            "name": "class",
                            "value": "input"
                        }
                    ],
                    "textNodeContent": "",
                    "componentVariableName": "",
                    "properties": [],
                    "children": [
                        {
                            "type": "form",
                            "attributes": [
                                {
                                    "name": "id",
                                    "value": "form"
                                },
                                {
                                    "name": "class",
                                    "value": ""
                                },
                                {
                                    "name": "target",
                                    "value": "iframe"
                                },
                                {
                                    "name": "method",
                                    "value": "post"
                                },
                                {
                                    "name": "enctype",
                                    "value": "multipart/form-data"
                                }
                            ],
                            "textNodeContent": "",
                            "componentVariableName": "",
                            "properties": [],
                            "children": [
                                {
                                    "type": "textNode",
                                    "attributes": [
                                        {
                                            "name": "id",
                                            "value": ""
                                        },
                                        {
                                            "name": "class",
                                            "value": ""
                                        }
                                    ],
                                    "textNodeContent": "inputHTML",
                                    "componentVariableName": "",
                                    "properties": [],
                                    "children": []
                                }
                            ]
                        },
                        {
                            "type": "label",
                            "attributes": [
                                {
                                    "name": "id",
                                    "value": "mask"
                                },
                                {
                                    "name": "class",
                                    "value": "mask"
                                },
                                {
                                    "name": "for",
                                    "value": "input"
                                }
                            ],
                            "textNodeContent": "",
                            "componentVariableName": "",
                            "properties": [],
                            "children": [
                                {
                                    "type": "span",
                                    "attributes": [
                                        {
                                            "name": "id",
                                            "value": "icon"
                                        },
                                        {
                                            "name": "class",
                                            "value": ""
                                        }
                                    ],
                                    "textNodeContent": "",
                                    "componentVariableName": "",
                                    "properties": [],
                                    "children": []
                                },
                                {
                                    "type": "span",
                                    "attributes": [
                                        {
                                            "name": "id",
                                            "value": "placeholder"
                                        },
                                        {
                                            "name": "class",
                                            "value": ""
                                        }
                                    ],
                                    "textNodeContent": "",
                                    "componentVariableName": "",
                                    "properties": [],
                                    "children": [
                                        {
                                            "type": "textNode",
                                            "attributes": [
                                                {
                                                    "name": "id",
                                                    "value": ""
                                                },
                                                {
                                                    "name": "class",
                                                    "value": ""
                                                }
                                            ],
                                            "textNodeContent": "placeholder",
                                            "componentVariableName": "",
                                            "properties": [],
                                            "children": []
                                        }
                                    ]
                                },
                                {
                                    "type": "div",
                                    "attributes": [
                                        {
                                            "name": "id",
                                            "value": ""
                                        },
                                        {
                                            "name": "class",
                                            "value": "wall"
                                        }
                                    ],
                                    "textNodeContent": "",
                                    "componentVariableName": "",
                                    "properties": [],
                                    "children": []
                                }
                            ]
                        }
                    ]
                },
                {
                    "type": "div",
                    "attributes": [
                        {
                            "name": "id",
                            "value": "preview"
                        },
                        {
                            "name": "class",
                            "value": "preview"
                        }
                    ],
                    "textNodeContent": "",
                    "componentVariableName": "",
                    "properties": [],
                    "children": []
                },
                {
                    "type": "div",
                    "attributes": [
                        {
                            "name": "id",
                            "value": ""
                        },
                        {
                            "name": "class",
                            "value": "wall"
                        }
                    ],
                    "textNodeContent": "",
                    "componentVariableName": "",
                    "properties": [],
                    "children": []
                }
            ]
        }
    ],
    "doc": ""
}