{
    "type": "guiComponent",
    "name": "LabelList",
    "attributes": [
        {
            "name": "label",
            "default": "",
            "type": "list",
            "isConstructorParam": false,
            "doc": ""
        }
    ],
    "methods": [
        {
            "name": "onChange",
            "isPrivate": false,
            "param": [],
            "doc": ""
        }
    ],
    "children": [
        {
            "type": "div",
            "attributes": [
                {
                    "name": "id",
                    "value": ""
                },
                {
                    "name": "class",
                    "value": "labelList"
                }
            ],
            "textNodeContent": "",
            "componentVariableName": "",
            "properties": [],
            "children": []
        }
    ],
    "doc": ""
}