{
    "type": "guiComponent",
    "name": "ListBox",
    "attributes": [
        {
            "name": "editMode",
            "default": "false",
            "type": "boolean",
            "isConstructorParam": false,
            "doc": ""
        },
        {
            "name": "elements",
            "default": "",
            "type": "list",
            "isConstructorParam": true,
            "doc": ""
        }
    ],
    "methods": [
        {
            "name": "onDrag",
            "isPrivate": true,
            "param": [
                "x",
                "y",
                "element"
            ],
            "doc": ""
        },
        {
            "name": "onRelease",
            "isPrivate": true,
            "param": [
                "tab",
                "index"
            ],
            "doc": ""
        },
        {
            "name": "onChange",
            "isPrivate": false,
            "param": [],
            "doc": ""
        },
        {
            "name": "onMouseMove",
            "isPrivate": true,
            "param": [
                "event"
            ],
            "doc": ""
        },
        {
            "name": "onMouseUp",
            "isPrivate": true,
            "param": [
                "event"
            ],
            "doc": ""
        },
        {
            "name": "onKeyUp",
            "isPrivate": false,
            "param": [
                "event"
            ],
            "doc": ""
        }
    ],
    "children": [
        {
            "type": "ul",
            "attributes": [
                {
                    "name": "id",
                    "value": ""
                },
                {
                    "name": "class",
                    "value": "listBox"
                }
            ],
            "textNodeContent": "",
            "componentVariableName": "",
            "properties": [],
            "children": []
        }
    ],
    "doc": ""
}