{
    "type": "guiComponent",
    "name": "NodesPanel",
    "attributes": [
        {
            "name": "scale",
            "default": "1.0",
            "type": "number",
            "isConstructorParam": false,
            "doc": ""
        },
        {
            "name": "offsetX",
            "default": "0.0",
            "type": "number",
            "isConstructorParam": false,
            "doc": ""
        },
        {
            "name": "offsetY",
            "default": "0.0",
            "type": "number",
            "isConstructorParam": false,
            "doc": ""
        },
        {
            "name": "patternCode",
            "default": "",
            "type": "string",
            "isConstructorParam": false,
            "doc": ""
        },
        {
            "name": "pattern",
            "default": "new Component(patternCode)",
            "type": "object",
            "isConstructorParam": false,
            "doc": ""
        },
        {
            "name": "svgCode",
            "default": "",
            "type": "string",
            "isConstructorParam": false,
            "doc": ""
        },
        {
            "name": "g",
            "default": "new Component(svgCode)",
            "type": "object",
            "isConstructorParam": false,
            "doc": ""
        },
        {
            "name": "enterIcon",
            "default": "Loader.getSVG('icons', 'enter-icon', 30, 30)",
            "type": "object",
            "isConstructorParam": false,
            "doc": ""
        },
        {
            "name": "outIcon",
            "default": "Loader.getSVG('icons', 'out-icon', 30, 30)",
            "type": "null",
            "isConstructorParam": false,
            "doc": ""
        },
        {
            "name": "nodes",
            "default": "",
            "type": "list",
            "isConstructorParam": false,
            "doc": ""
        },
        {
            "name": "links",
            "default": "",
            "type": "list",
            "isConstructorParam": false,
            "doc": ""
        },
        {
            "name": "dragModifier",
            "default": "alt",
            "type": "string",
            "isConstructorParam": false,
            "doc": ""
        },
        {
            "name": "dragging",
            "default": "false",
            "type": "boolean",
            "isConstructorParam": false,
            "doc": ""
        },
        {
            "name": "select",
            "default": "false",
            "type": "boolean",
            "isConstructorParam": false,
            "doc": ""
        },
        {
            "name": "move",
            "default": "false",
            "type": "boolean",
            "isConstructorParam": false,
            "doc": ""
        },
        {
            "name": "startX",
            "default": "0",
            "type": "number",
            "isConstructorParam": false,
            "doc": ""
        },
        {
            "name": "startY",
            "default": "0",
            "type": "number",
            "isConstructorParam": false,
            "doc": ""
        },
        {
            "name": "displayedPanel",
            "default": "this",
            "type": "object",
            "isConstructorParam": false,
            "doc": ""
        }
    ],
    "methods": [
        {
            "name": "unselectAll",
            "isPrivate": false,
            "param": [],
            "doc": ""
        },
        {
            "name": "onUngroup",
            "isPrivate": true,
            "param": [
                "groupNode"
            ],
            "doc": ""
        },
        {
            "name": "updateZindex",
            "isPrivate": true,
            "param": [],
            "doc": ""
        },
        {
            "name": "updateScale",
            "isPrivate": true,
            "param": [],
            "doc": ""
        },
        {
            "name": "updatePosition",
            "isPrivate": true,
            "param": [],
            "doc": ""
        },
        {
            "name": "onChange",
            "isPrivate": false,
            "param": [
                "data"
            ],
            "doc": ""
        },
        {
            "name": "onSelect",
            "isPrivate": true,
            "param": [
                "node"
            ],
            "doc": ""
        },
        {
            "name": "onAddGroup",
            "isPrivate": true,
            "param": [
                "node"
            ],
            "doc": ""
        },
        {
            "name": "onMouseMove",
            "isPrivate": true,
            "param": [
                "event"
            ],
            "doc": ""
        },
        {
            "name": "onMouseMove",
            "isPrivate": true,
            "param": [
                "event"
            ],
            "doc": ""
        },
        {
            "name": "onKeyUp",
            "isPrivate": false,
            "param": [
                "event"
            ],
            "doc": ""
        },
        {
            "name": "getSelected",
            "isPrivate": false,
            "param": [],
            "doc": ""
        },
        {
            "name": "getDisplayedPanel",
            "isPrivate": false,
            "param": [],
            "doc": ""
        },
        {
            "name": "getMousePosition",
            "isPrivate": false,
            "param": [
                "event"
            ],
            "doc": ""
        },
        {
            "name": "setDimensions",
            "isPrivate": false,
            "param": [
                "width",
                "height"
            ],
            "doc": ""
        }
    ],
    "children": [],
    "doc": ""
}