{
    "type": "guiComponent",
    "name": "Notification",
    "attributes": [
        {
            "name": "manager",
            "default": "",
            "type": "object",
            "isConstructorParam": true,
            "doc": ""
        },
        {
            "name": "content",
            "default": "",
            "type": "string",
            "isConstructorParam": true,
            "doc": ""
        },
        {
            "name": "persistent",
            "default": "",
            "type": "boolean",
            "isConstructorParam": true,
            "doc": ""
        },
        {
            "name": "closeIcon",
            "default": "Loader.getSVG('icons', 'close-icon', 20, 20)",
            "type": "object",
            "isConstructorParam": true,
            "doc": ""
        },
        {
            "name": "persistenceTime",
            "default": "10000",
            "type": "number",
            "isConstructorParam": false,
            "doc": ""
        },
        {
            "name": "mouseOverDate",
            "default": "",
            "type": "date",
            "isConstructorParam": false,
            "doc": ""
        },
        {
            "name": "pushTimer",
            "default": "",
            "type": "null",
            "isConstructorParam": false,
            "doc": ""
        },
        {
            "name": "removeTimer",
            "default": "",
            "type": "null",
            "isConstructorParam": false,
            "doc": ""
        },
        {
            "name": "width",
            "default": "300",
            "type": "number",
            "isConstructorParam": false,
            "doc": ""
        },
        {
            "name": "height",
            "default": "20",
            "type": "number",
            "isConstructorParam": false,
            "doc": ""
        },
        {
            "name": "yPosition",
            "default": "0",
            "type": "number",
            "isConstructorParam": false,
            "doc": ""
        },
        {
            "name": "xPosition",
            "default": "0",
            "type": "number",
            "isConstructorParam": false,
            "doc": ""
        },
        {
            "name": "stepX",
            "default": "0",
            "type": "number",
            "isConstructorParam": false,
            "doc": ""
        },
        {
            "name": "stepY",
            "default": "0",
            "type": "number",
            "isConstructorParam": false,
            "doc": ""
        }
    ],
    "methods": [
        {
            "name": "pushAnimation",
            "isPrivate": true,
            "param": [],
            "doc": ""
        },
        {
            "name": "startPush",
            "isPrivate": false,
            "param": [],
            "doc": ""
        },
        {
            "name": "removeAnimation",
            "isPrivate": true,
            "param": [],
            "doc": ""
        },
        {
            "name": "remove",
            "isPrivate": false,
            "param": [],
            "doc": ""
        },
        {
            "name": "startRemove",
            "isPrivate": false,
            "param": [],
            "doc": ""
        },
        {
            "name": "onMouseOver",
            "isPrivate": false,
            "param": [],
            "doc": ""
        },
        {
            "name": "onMouseOut",
            "isPrivate": false,
            "param": [],
            "doc": ""
        }
    ],
    "children": [
        {
            "type": "div",
            "attributes": [
                {
                    "name": "id",
                    "value": ""
                },
                {
                    "name": "class",
                    "value": "notification"
                }
            ],
            "textNodeContent": "",
            "componentVariableName": "",
            "properties": [],
            "children": [
                {
                    "type": "div",
                    "attributes": [
                        {
                            "name": "id",
                            "value": "innerNotification"
                        },
                        {
                            "name": "class",
                            "value": "innerNotification"
                        }
                    ],
                    "textNodeContent": "",
                    "componentVariableName": "",
                    "properties": [],
                    "children": [
                        {
                            "type": "textNode",
                            "attributes": [
                                {
                                    "name": "id",
                                    "value": ""
                                },
                                {
                                    "name": "class",
                                    "value": ""
                                }
                            ],
                            "textNodeContent": "content",
                            "componentVariableName": "",
                            "properties": [],
                            "children": []
                        },
                        {
                            "type": "div",
                            "attributes": [
                                {
                                    "name": "id",
                                    "value": "closeIcon"
                                },
                                {
                                    "name": "class",
                                    "value": "close"
                                }
                            ],
                            "textNodeContent": "",
                            "componentVariableName": "",
                            "properties": [],
                            "children": []
                        }
                    ]
                }
            ]
        }
    ],
    "doc": ""
}