{
    "type": "guiComponent",
    "name": "Option",
    "attributes": [
        {
            "name": "name",
            "default": "",
            "type": "string",
            "isConstructorParam": true,
            "doc": ""
        },
        {
            "name": "value",
            "default": "",
            "type": "string",
            "isConstructorParam": true,
            "doc": ""
        },
        {
            "name": "selected",
            "default": "",
            "type": "boolean",
            "isConstructorParam": true,
            "doc": ""
        }
    ],
    "methods": [
        {
            "name": "update",
            "isPrivate": false,
            "param": [],
            "doc": ""
        }
    ],
    "children": [
        {
            "type": "option",
            "attributes": [
                {
                    "name": "id",
                    "value": "value"
                },
                {
                    "name": "class",
                    "value": "selected"
                },
                {
                    "name": "value",
                    "value": ""
                },
                {
                    "name": "selected",
                    "value": ""
                }
            ],
            "textNodeContent": "",
            "componentVariableName": "",
            "properties": [],
            "children": [
                {
                    "type": "textNode",
                    "attributes": [
                        {
                            "name": "id",
                            "value": ""
                        },
                        {
                            "name": "class",
                            "value": ""
                        }
                    ],
                    "textNodeContent": "dataManager.encodeHTMLEntities(name)",
                    "componentVariableName": "",
                    "properties": [],
                    "children": []
                }
            ]
        }
    ],
    "doc": ""
}