{
    "type": "guiComponent",
    "name": "ProgressBar",
    "attributes": [
        {
            "name": "currentValue",
            "default": "",
            "type": "number",
            "isConstructorParam": true,
            "doc": ""
        }
    ],
    "methods": [
        {
            "name": "updateBar",
            "isPrivate": true,
            "param": [],
            "doc": ""
        },
        {
            "name": "autoResize",
            "isPrivate": false,
            "param": [],
            "doc": ""
        }
    ],
    "children": [
        {
            "type": "div",
            "attributes": [
                {
                    "name": "id",
                    "value": ""
                },
                {
                    "name": "class",
                    "value": "progressBar"
                }
            ],
            "textNodeContent": "",
            "componentVariableName": "",
            "properties": [],
            "children": [
                {
                    "type": "div",
                    "attributes": [
                        {
                            "name": "id",
                            "value": "bar"
                        },
                        {
                            "name": "class",
                            "value": "progressBarBar"
                        }
                    ],
                    "textNodeContent": "",
                    "componentVariableName": "",
                    "properties": [],
                    "children": []
                }
            ]
        }
    ],
    "doc": ""
}