{
    "type": "guiComponent",
    "name": "Switch",
    "attributes": [
        {
            "name": "on",
            "default": "",
            "type": "boolean",
            "isConstructorParam": true,
            "doc": ""
        },
        {
            "name": "icon",
            "default": "Loader.getSVG('icons', 'slider-cursor-icon', 20, 20)",
            "type": "object",
            "isConstructorParam": false,
            "doc": ""
        },
        {
            "name": "maxPosition",
            "default": "0",
            "type": "number",
            "isConstructorParam": false,
            "doc": ""
        },
        {
            "name": "speed",
            "default": "0",
            "type": "number",
            "isConstructorParam": false,
            "doc": ""
        },
        {
            "name": "currentPosition",
            "default": "0",
            "type": "number",
            "isConstructorParam": false,
            "doc": ""
        },
        {
            "name": "animationTimer",
            "default": "",
            "type": "undefined",
            "isConstructorParam": false,
            "doc": ""
        }
    ],
    "methods": [
        {
            "name": "animation",
            "isPrivate": true,
            "param": [],
            "doc": ""
        },
        {
            "name": "off",
            "isPrivate": false,
            "param": [],
            "doc": ""
        },
        {
            "name": "on",
            "isPrivate": false,
            "param": [],
            "doc": ""
        },
        {
            "name": "autoResize",
            "isPrivate": false,
            "param": [],
            "doc": ""
        },
        {
            "name": "onChange",
            "isPrivate": false,
            "param": [
                "value"
            ],
            "doc": ""
        }
    ],
    "children": [
        {
            "type": "div",
            "attributes": [
                {
                    "name": "id",
                    "value": ""
                },
                {
                    "name": "class",
                    "value": "switch"
                }
            ],
            "textNodeContent": "",
            "componentVariableName": "",
            "properties": [],
            "children": [
                {
                    "type": "div",
                    "attributes": [
                        {
                            "name": "id",
                            "value": "bar"
                        },
                        {
                            "name": "class",
                            "value": "switchBar"
                        }
                    ],
                    "textNodeContent": "",
                    "componentVariableName": "",
                    "properties": [],
                    "children": []
                },
                {
                    "type": "div",
                    "attributes": [
                        {
                            "name": "id",
                            "value": "handler"
                        },
                        {
                            "name": "class",
                            "value": "switchHandler"
                        }
                    ],
                    "textNodeContent": "",
                    "componentVariableName": "",
                    "properties": [],
                    "children": []
                }
            ]
        }
    ],
    "doc": ""
}