{
    "type": "guiComponent",
    "name": "Tab",
    "attributes": [
        {
            "name": "editMode",
            "default": "false",
            "type": "boolean",
            "isConstructorParam": false,
            "doc": ""
        },
        {
            "name": "label",
            "default": "",
            "type": "string",
            "isConstructorParam": true,
            "doc": ""
        },
        {
            "name": "content",
            "default": "",
            "type": "string",
            "isConstructorParam": true,
            "doc": ""
        },
        {
            "name": "parent",
            "default": "",
            "type": "null",
            "isConstructorParam": false,
            "doc": ""
        },
        {
            "name": "closeIcon",
            "default": "Loader.getSVG('icons', 'grey-close-icon', 10, 10)",
            "type": "object",
            "isConstructorParam": false,
            "doc": ""
        },
        {
            "name": "clicked",
            "default": "false",
            "type": "boolean",
            "isConstructorParam": false,
            "doc": ""
        },
        {
            "name": "moved",
            "default": "false",
            "type": "boolean",
            "isConstructorParam": false,
            "doc": ""
        },
        {
            "name": "dragging",
            "default": "false",
            "type": "boolean",
            "isConstructorParam": false,
            "doc": ""
        },
        {
            "name": "startX",
            "default": "false",
            "type": "number",
            "isConstructorParam": false,
            "doc": ""
        },
        {
            "name": "startY",
            "default": "false",
            "type": "number",
            "isConstructorParam": false,
            "doc": ""
        },
        {
            "name": "offsetX",
            "default": "false",
            "type": "number",
            "isConstructorParam": false,
            "doc": ""
        },
        {
            "name": "offsetY",
            "default": "false",
            "type": "number",
            "isConstructorParam": false,
            "doc": ""
        },
        {
            "name": "ghost",
            "default": "",
            "type": "null",
            "isConstructorParam": false,
            "doc": ""
        },
        {
            "name": "virtualItem",
            "default": "",
            "type": "null",
            "isConstructorParam": false,
            "doc": ""
        },
        {
            "name": "parentNode",
            "default": "",
            "type": "null",
            "isConstructorParam": false,
            "doc": ""
        },
        {
            "name": "offsetIndex",
            "default": "false",
            "type": "number",
            "isConstructorParam": false,
            "doc": ""
        },
        {
            "name": "currentIndex",
            "default": "false",
            "type": "number",
            "isConstructorParam": false,
            "doc": ""
        }
    ],
    "methods": [
        {
            "name": "select",
            "isPrivate": false,
            "param": [],
            "doc": ""
        },
        {
            "name": "unselect",
            "isPrivate": false,
            "param": [],
            "doc": ""
        },
        {
            "name": "dragOver",
            "isPrivate": false,
            "param": [],
            "doc": ""
        },
        {
            "name": "dragOut",
            "isPrivate": false,
            "param": [],
            "doc": ""
        },
        {
            "name": "onClick",
            "isPrivate": false,
            "param": [],
            "doc": ""
        },
        {
            "name": "onClose",
            "isPrivate": false,
            "param": [],
            "doc": ""
        },
        {
            "name": "onClose",
            "isPrivate": true,
            "param": [],
            "doc": ""
        },
        {
            "name": "onDrag",
            "isPrivate": false,
            "param": [
                "x",
                "y"
            ],
            "doc": ""
        },
        {
            "name": "onRelease",
            "isPrivate": false,
            "param": [
                "tab",
                "index"
            ],
            "doc": ""
        },
        {
            "name": "onMouseMove",
            "isPrivate": true,
            "param": [
                "event"
            ],
            "doc": ""
        },
        {
            "name": "mouseMove",
            "isPrivate": false,
            "param": [],
            "doc": ""
        },
        {
            "name": "onMouseUp",
            "isPrivate": true,
            "param": [
                "event"
            ],
            "doc": ""
        },
        {
            "name": "mouseUp",
            "isPrivate": false,
            "param": [],
            "doc": ""
        },
        {
            "name": "onKeyUp",
            "isPrivate": false,
            "param": [
                "event"
            ],
            "doc": ""
        },
        {
            "name": "getOverLayer",
            "isPrivate": false,
            "param": [
                "x",
                "y",
                "movingElement"
            ],
            "doc": ""
        },
        {
            "name": "index",
            "isPrivate": false,
            "param": [],
            "doc": ""
        },
        {
            "name": "isLast",
            "isPrivate": false,
            "param": [],
            "doc": ""
        }
    ],
    "children": [
        {
            "type": "li",
            "attributes": [
                {
                    "name": "id",
                    "value": ""
                },
                {
                    "name": "class",
                    "value": "tab"
                }
            ],
            "textNodeContent": "",
            "componentVariableName": "",
            "properties": [],
            "children": [
                {
                    "type": "div",
                    "attributes": [
                        {
                            "name": "id",
                            "value": "unselectMargin"
                        },
                        {
                            "name": "class",
                            "value": "unselectMargin"
                        }
                    ],
                    "textNodeContent": "",
                    "componentVariableName": "",
                    "properties": [],
                    "children": []
                },
                {
                    "type": "label",
                    "attributes": [
                        {
                            "name": "id",
                            "value": "tab-label"
                        },
                        {
                            "name": "class",
                            "value": ""
                        },
                        {
                            "name": "for",
                            "value": ""
                        }
                    ],
                    "textNodeContent": "",
                    "componentVariableName": "",
                    "properties": [],
                    "children": [
                        {
                            "type": "textNode",
                            "attributes": [
                                {
                                    "name": "id",
                                    "value": ""
                                },
                                {
                                    "name": "class",
                                    "value": ""
                                }
                            ],
                            "textNodeContent": "label",
                            "componentVariableName": "",
                            "properties": [],
                            "children": []
                        }
                    ]
                },
                {
                    "type": "span",
                    "attributes": [
                        {
                            "name": "id",
                            "value": "closeIcon"
                        },
                        {
                            "name": "class",
                            "value": "closeIcon"
                        }
                    ],
                    "textNodeContent": "",
                    "componentVariableName": "",
                    "properties": [],
                    "children": [
                        {
                            "type": "div",
                            "attributes": [
                                {
                                    "name": "id",
                                    "value": ""
                                },
                                {
                                    "name": "class",
                                    "value": "wall"
                                }
                            ],
                            "textNodeContent": "",
                            "componentVariableName": "",
                            "properties": [],
                            "children": []
                        }
                    ]
                }
            ]
        }
    ],
    "doc": ""
}