{
    "type": "guiComponent",
    "name": "TabManager",
    "attributes": [
        {
            "name": "openIcon",
            "default": "Loader.getSVG('icons', 'down-double-arrow-icon', 10, 10)",
            "type": "object",
            "isConstructorParam": false,
            "doc": ""
        },
        {
            "name": "invisibleFreezeScreen",
            "default": "new InvisibleFreezeScreen()",
            "type": "object",
            "isConstructorParam": false,
            "doc": ""
        },
        {
            "name": "hiddenTabs",
            "default": "component.getById('hiddenTabs')",
            "type": "object",
            "isConstructorParam": false,
            "doc": ""
        },
        {
            "name": "editMode",
            "default": "false",
            "type": "boolean",
            "isConstructorParam": false,
            "doc": ""
        },
        {
            "name": "tab",
            "default": "",
            "type": "list",
            "isConstructorParam": false,
            "doc": ""
        },
        {
            "name": "tabListHistory",
            "default": "",
            "type": "list",
            "isConstructorParam": false,
            "doc": ""
        },
        {
            "name": "content",
            "default": "",
            "type": "null",
            "isConstructorParam": false,
            "doc": ""
        },
        {
            "name": "selected",
            "default": "",
            "type": "null",
            "isConstructorParam": false,
            "doc": ""
        },
        {
            "name": "hiddenTabsDisplayed",
            "default": "false",
            "type": "boolean",
            "isConstructorParam": false,
            "doc": ""
        }
    ],
    "methods": [
        {
            "name": "unselectAll",
            "isPrivate": false,
            "param": [],
            "doc": ""
        },
        {
            "name": "dragOutAll",
            "isPrivate": false,
            "param": [],
            "doc": ""
        },
        {
            "name": "appendContent",
            "isPrivate": false,
            "param": [
                "content"
            ],
            "doc": ""
        },
        {
            "name": "updateZindex",
            "isPrivate": true,
            "param": [],
            "doc": ""
        },
        {
            "name": "updateTabs",
            "isPrivate": false,
            "param": [],
            "doc": ""
        },
        {
            "name": "resize",
            "isPrivate": true,
            "param": [],
            "doc": ""
        },
        {
            "name": "autoResize",
            "isPrivate": false,
            "param": [],
            "doc": ""
        },
        {
            "name": "displayHiddenTabs",
            "isPrivate": false,
            "param": [],
            "doc": ""
        },
        {
            "name": "hideHiddenTabs",
            "isPrivate": false,
            "param": [],
            "doc": ""
        },
        {
            "name": "onDragTab",
            "isPrivate": true,
            "param": [
                "x",
                "y",
                "tab"
            ],
            "doc": ""
        },
        {
            "name": "onRelease",
            "isPrivate": true,
            "param": [
                "tab",
                "index"
            ],
            "doc": ""
        },
        {
            "name": "onMouseMove",
            "isPrivate": true,
            "param": [
                "event"
            ],
            "doc": ""
        },
        {
            "name": "onMouseUp",
            "isPrivate": true,
            "param": [
                "event"
            ],
            "doc": ""
        },
        {
            "name": "onKeyUp",
            "isPrivate": false,
            "param": [
                "event"
            ],
            "doc": ""
        }
    ],
    "children": [
        {
            "type": "div",
            "attributes": [
                {
                    "name": "id",
                    "value": ""
                },
                {
                    "name": "class",
                    "value": "tabManager"
                }
            ],
            "textNodeContent": "",
            "componentVariableName": "",
            "properties": [],
            "children": [
                {
                    "type": "ul",
                    "attributes": [
                        {
                            "name": "id",
                            "value": "tabs"
                        },
                        {
                            "name": "class",
                            "value": "tabs"
                        }
                    ],
                    "textNodeContent": "",
                    "componentVariableName": "",
                    "properties": [],
                    "children": []
                },
                {
                    "type": "div",
                    "attributes": [
                        {
                            "name": "id",
                            "value": "openHiddenTabs"
                        },
                        {
                            "name": "class",
                            "value": "openHiddenTabs"
                        }
                    ],
                    "textNodeContent": "",
                    "componentVariableName": "",
                    "properties": [],
                    "children": [
                        {
                            "type": "span",
                            "attributes": [
                                {
                                    "name": "id",
                                    "value": "hiddenTabsCount"
                                },
                                {
                                    "name": "class",
                                    "value": "hiddenTabsCount"
                                }
                            ],
                            "textNodeContent": "",
                            "componentVariableName": "",
                            "properties": [],
                            "children": [
                                {
                                    "type": "textNode",
                                    "attributes": [
                                        {
                                            "name": "id",
                                            "value": ""
                                        },
                                        {
                                            "name": "class",
                                            "value": ""
                                        }
                                    ],
                                    "textNodeContent": "0",
                                    "componentVariableName": "",
                                    "properties": [],
                                    "children": []
                                }
                            ]
                        },
                        {
                            "type": "span",
                            "attributes": [
                                {
                                    "name": "id",
                                    "value": "hiddenTabsIcon"
                                },
                                {
                                    "name": "class",
                                    "value": "hiddenTabsIcon"
                                }
                            ],
                            "textNodeContent": "",
                            "componentVariableName": "",
                            "properties": [],
                            "children": []
                        },
                        {
                            "type": "div",
                            "attributes": [
                                {
                                    "name": "id",
                                    "value": ""
                                },
                                {
                                    "name": "class",
                                    "value": "wall"
                                }
                            ],
                            "textNodeContent": "",
                            "componentVariableName": "",
                            "properties": [],
                            "children": []
                        }
                    ]
                },
                {
                    "type": "div",
                    "attributes": [
                        {
                            "name": "id",
                            "value": "invisibleFreezeScreen"
                        },
                        {
                            "name": "class",
                            "value": "invisibleFreezeScreen"
                        }
                    ],
                    "textNodeContent": "",
                    "componentVariableName": "",
                    "properties": [],
                    "children": []
                },
                {
                    "type": "ul",
                    "attributes": [
                        {
                            "name": "id",
                            "value": "hiddenTabs"
                        },
                        {
                            "name": "class",
                            "value": "hiddenTabs"
                        }
                    ],
                    "textNodeContent": "",
                    "componentVariableName": "",
                    "properties": [],
                    "children": []
                },
                {
                    "type": "div",
                    "attributes": [
                        {
                            "name": "id",
                            "value": "content"
                        },
                        {
                            "name": "class",
                            "value": "content"
                        }
                    ],
                    "textNodeContent": "",
                    "componentVariableName": "",
                    "properties": [],
                    "children": []
                }
            ]
        }
    ],
    "doc": ""
}